0,0,0.519157284926623,12.830281551829152
0,1,0.2579598641069606,12.830281551829152
0,2,0.4443153982097283,12.830281551829152
0,3,0.35488430701196194,12.830281551829152
0,4,0.5405575224198401,12.830281551829152
0,5,0.36493387138471006,12.830281551829152
0,6,0.273073712317273,12.830281551829152
0,7,0.42542061069514603,12.830281551829152
0,8,0.2747703096270561,12.830281551829152
0,9,0.3549510918371379,12.830281551829152
0,10,0.18465011313557625,12.830281551829152
0,11,0.29735290210694076,12.830281551829152
0,12,0.34696657590568064,12.830281551829152
0,13,0.3276965882815421,12.830281551829152
0,14,0.4416752135846764,12.830281551829152
0,15,0.37444362055510283,12.830281551829152
0,16,0.3413920242805034,12.830281551829152
0,17,0.1994441025517881,12.830281551829152
0,18,0.32552159428596494,12.830281551829152
1,0,0.519157284926623,24.4678748474456
1,1,0.2579598641069606,24.4678748474456
1,2,0.4443153982097283,24.4678748474456
1,3,0.35488430701196194,24.4678748474456
1,4,0.5405575224198401,24.4678748474456
1,5,0.36493387138471006,24.4678748474456
1,6,0.273073712317273,24.4678748474456
1,7,0.42542061069514603,24.4678748474456
1,8,0.2747703096270561,24.4678748474456
1,9,0.3549510918371379,24.4678748474456
1,10,0.18465011313557625,24.4678748474456
1,11,0.29735290210694076,24.4678748474456
1,12,0.34696657590568064,24.4678748474456
1,13,0.3276965882815421,24.4678748474456
1,14,0.4416752135846764,24.4678748474456
1,15,0.37444362055510283,24.4678748474456
2,0,0.519157284926623,34.714375265135004
2,1,0.2579598641069606,34.714375265135004
2,2,0.4443153982097283,34.714375265135004
2,3,0.35488430701196194,34.714375265135004
2,4,0.5405575224198401,34.714375265135004
2,5,0.36493387138471006,34.714375265135004
2,6,0.273073712317273,34.714375265135004
2,7,0.42542061069514603,34.714375265135004
2,8,0.2747703096270561,34.714375265135004
2,9,0.3549510918371379,34.714375265135004
2,10,0.18465011313557625,34.714375265135004
2,11,0.29735290210694076,34.714375265135004
2,12,0.34696657590568064,34.714375265135004
3,0,0.519157284926623,45.91184189209969
3,1,0.2579598641069606,45.91184189209969
3,2,0.4443153982097283,45.91184189209969
3,3,0.35488430701196194,45.91184189209969
3,4,0.5405575224198401,45.91184189209969
3,5,0.36493387138471006,45.91184189209969
3,6,0.273073712317273,45.91184189209969
3,7,0.42542061069514603,45.91184189209969
3,8,0.2747703096270561,45.91184189209969
3,9,0.3549510918371379,45.91184189209969
3,10,0.18465011313557625,45.91184189209969
3,11,0.29735290210694076,45.91184189209969
3,12,0.34696657590568064,45.91184189209969
3,13,0.3276965882815421,45.91184189209969
3,14,0.4416752135846764,45.91184189209969
4,0,0.519157284926623,56.646017288904616
4,1,0.2579598641069606,56.646017288904616
4,2,0.4443153982097283,56.646017288904616
4,3,0.35488430701196194,56.646017288904616
4,4,0.5405575224198401,56.646017288904616
4,5,0.36493387138471006,56.646017288904616
4,6,0.273073712317273,56.646017288904616
4,7,0.42542061069514603,56.646017288904616
4,8,0.2747703096270561,56.646017288904616
4,9,0.3549510918371379,56.646017288904616
4,10,0.18465011313557625,56.646017288904616
4,11,0.29735290210694076,56.646017288904616
4,12,0.34696657590568064,56.646017288904616
4,13,0.3276965882815421,56.646017288904616
5,0,0.519157284926623,69.47629884073376
5,1,0.2579598641069606,69.47629884073376
5,2,0.4443153982097283,69.47629884073376
5,3,0.35488430701196194,69.47629884073376
5,4,0.5405575224198401,69.47629884073376
5,5,0.36493387138471006,69.47629884073376
5,6,0.273073712317273,69.47629884073376
5,7,0.42542061069514603,69.47629884073376
5,8,0.2747703096270561,69.47629884073376
5,9,0.3549510918371379,69.47629884073376
5,10,0.18465011313557625,69.47629884073376
5,11,0.29735290210694076,69.47629884073376
5,12,0.34696657590568064,69.47629884073376
5,13,0.3276965882815421,69.47629884073376
5,14,0.4416752135846764,69.47629884073376
5,15,0.37444362055510283,69.47629884073376
5,16,0.3413920242805034,69.47629884073376
5,17,0.1994441025517881,69.47629884073376
5,18,0.32552159428596494,69.47629884073376
6,0,0.519157284926623,83.00562794125958
6,1,0.2579598641069606,83.00562794125958
6,2,0.4443153982097283,83.00562794125958
6,3,0.35488430701196194,83.00562794125958
6,4,0.5405575224198401,83.00562794125958
6,5,0.36493387138471006,83.00562794125958
6,6,0.273073712317273,83.00562794125958
6,7,0.42542061069514603,83.00562794125958
6,8,0.2747703096270561,83.00562794125958
6,9,0.3549510918371379,83.00562794125958
6,10,0.18465011313557625,83.00562794125958
6,11,0.29735290210694076,83.00562794125958
6,12,0.34696657590568064,83.00562794125958
6,13,0.3276965882815421,83.00562794125958
6,14,0.4416752135846764,83.00562794125958
6,15,0.37444362055510283,83.00562794125958
6,16,0.3413920242805034,83.00562794125958
6,17,0.1994441025517881,83.00562794125958
6,18,0.32552159428596494,83.00562794125958
6,19,0.3109909766353667,83.00562794125958
6,20,0.2737418636586517,83.00562794125958
7,0,0.519157284926623,92.19842618800683
7,1,0.2579598641069606,92.19842618800683
7,2,0.4443153982097283,92.19842618800683
7,3,0.35488430701196194,92.19842618800683
7,4,0.5405575224198401,92.19842618800683
7,5,0.36493387138471006,92.19842618800683
7,6,0.273073712317273,92.19842618800683
7,7,0.42542061069514603,92.19842618800683
7,8,0.2747703096270561,92.19842618800683
7,9,0.3549510918371379,92.19842618800683
7,10,0.18465011313557625,92.19842618800683
8,0,0.519157284926623,102.44492660569624
8,1,0.2579598641069606,102.44492660569624
8,2,0.4443153982097283,102.44492660569624
8,3,0.35488430701196194,102.44492660569624
8,4,0.5405575224198401,102.44492660569624
8,5,0.36493387138471006,102.44492660569624
8,6,0.273073712317273,102.44492660569624
8,7,0.42542061069514603,102.44492660569624
8,8,0.2747703096270561,102.44492660569624
8,9,0.3549510918371379,102.44492660569624
8,10,0.18465011313557625,102.44492660569624
8,11,0.29735290210694076,102.44492660569624
8,12,0.34696657590568064,102.44492660569624
9,0,0.519157284926623,110.47018782092866
9,1,0.2579598641069606,110.47018782092866
9,2,0.4443153982097283,110.47018782092866
9,3,0.35488430701196194,110.47018782092866
9,4,0.5405575224198401,110.47018782092866
9,5,0.36493387138471006,110.47018782092866
9,6,0.273073712317273,110.47018782092866
9,7,0.42542061069514603,110.47018782092866
9,8,0.2747703096270561,110.47018782092866
10,0,0.519157284926623,119.66298606767592
10,1,0.2579598641069606,119.66298606767592
10,2,0.4443153982097283,119.66298606767592
10,3,0.35488430701196194,119.66298606767592
10,4,0.5405575224198401,119.66298606767592
10,5,0.36493387138471006,119.66298606767592
10,6,0.273073712317273,119.66298606767592
10,7,0.42542061069514603,119.66298606767592
10,8,0.2747703096270561,119.66298606767592
10,9,0.3549510918371379,119.66298606767592
10,10,0.18465011313557625,119.66298606767592
11,0,0.519157284926623,130.39716146448086
11,1,0.2579598641069606,130.39716146448086
11,2,0.4443153982097283,130.39716146448086
11,3,0.35488430701196194,130.39716146448086
11,4,0.5405575224198401,130.39716146448086
11,5,0.36493387138471006,130.39716146448086
11,6,0.273073712317273,130.39716146448086
11,7,0.42542061069514603,130.39716146448086
11,8,0.2747703096270561,130.39716146448086
11,9,0.3549510918371379,130.39716146448086
11,10,0.18465011313557625,130.39716146448086
11,11,0.29735290210694076,130.39716146448086
11,12,0.34696657590568064,130.39716146448086
11,13,0.3276965882815421,130.39716146448086
12,0,0.519157284926623,137.79217326998867
12,1,0.2579598641069606,137.79217326998867
12,2,0.4443153982097283,137.79217326998867
12,3,0.35488430701196194,137.79217326998867
12,4,0.5405575224198401,137.79217326998867
12,5,0.36493387138471006,137.79217326998867
12,6,0.273073712317273,137.79217326998867
12,7,0.42542061069514603,137.79217326998867
13,0,0.519157284926623,145.8174344852211
13,1,0.2579598641069606,145.8174344852211
13,2,0.4443153982097283,145.8174344852211
13,3,0.35488430701196194,145.8174344852211
13,4,0.5405575224198401,145.8174344852211
13,5,0.36493387138471006,145.8174344852211
13,6,0.273073712317273,145.8174344852211
13,7,0.42542061069514603,145.8174344852211
13,8,0.2747703096270561,145.8174344852211
14,0,0.519157284926623,156.0639349029105
14,1,0.2579598641069606,156.0639349029105
14,2,0.4443153982097283,156.0639349029105
14,3,0.35488430701196194,156.0639349029105
14,4,0.5405575224198401,156.0639349029105
14,5,0.36493387138471006,156.0639349029105
14,6,0.273073712317273,156.0639349029105
14,7,0.42542061069514603,156.0639349029105
14,8,0.2747703096270561,156.0639349029105
14,9,0.3549510918371379,156.0639349029105
14,10,0.18465011313557625,156.0639349029105
14,11,0.29735290210694076,156.0639349029105
14,12,0.34696657590568064,156.0639349029105
15,0,0.519157284926623,164.08919611814292
15,1,0.2579598641069606,164.08919611814292
15,2,0.4443153982097283,164.08919611814292
15,3,0.35488430701196194,164.08919611814292
15,4,0.5405575224198401,164.08919611814292
15,5,0.36493387138471006,164.08919611814292
15,6,0.273073712317273,164.08919611814292
15,7,0.42542061069514603,164.08919611814292
15,8,0.2747703096270561,164.08919611814292
16,0,0.519157284926623,175.2866627451076
16,1,0.2579598641069606,175.2866627451076
16,2,0.4443153982097283,175.2866627451076
16,3,0.35488430701196194,175.2866627451076
16,4,0.5405575224198401,175.2866627451076
16,5,0.36493387138471006,175.2866627451076
16,6,0.273073712317273,175.2866627451076
16,7,0.42542061069514603,175.2866627451076
16,8,0.2747703096270561,175.2866627451076
16,9,0.3549510918371379,175.2866627451076
16,10,0.18465011313557625,175.2866627451076
16,11,0.29735290210694076,175.2866627451076
16,12,0.34696657590568064,175.2866627451076
16,13,0.3276965882815421,175.2866627451076
16,14,0.4416752135846764,175.2866627451076
17,0,0.519157284926623,184.47946099185486
17,1,0.2579598641069606,184.47946099185486
17,2,0.4443153982097283,184.47946099185486
17,3,0.35488430701196194,184.47946099185486
17,4,0.5405575224198401,184.47946099185486
17,5,0.36493387138471006,184.47946099185486
17,6,0.273073712317273,184.47946099185486
17,7,0.42542061069514603,184.47946099185486
17,8,0.2747703096270561,184.47946099185486
17,9,0.3549510918371379,184.47946099185486
17,10,0.18465011313557625,184.47946099185486
18,0,0.519157284926623,191.87447279736267
18,1,0.2579598641069606,191.87447279736267
18,2,0.4443153982097283,191.87447279736267
18,3,0.35488430701196194,191.87447279736267
18,4,0.5405575224198401,191.87447279736267
18,5,0.36493387138471006,191.87447279736267
18,6,0.273073712317273,191.87447279736267
18,7,0.42542061069514603,191.87447279736267
19,0,0.519157284926623,202.12097321505206
19,1,0.2579598641069606,202.12097321505206
19,2,0.4443153982097283,202.12097321505206
19,3,0.35488430701196194,202.12097321505206
19,4,0.5405575224198401,202.12097321505206
19,5,0.36493387138471006,202.12097321505206
19,6,0.273073712317273,202.12097321505206
19,7,0.42542061069514603,202.12097321505206
19,8,0.2747703096270561,202.12097321505206
19,9,0.3549510918371379,202.12097321505206
19,10,0.18465011313557625,202.12097321505206
19,11,0.29735290210694076,202.12097321505206
19,12,0.34696657590568064,202.12097321505206
20,0,0.519157284926623,210.1462344302845
20,1,0.2579598641069606,210.1462344302845
20,2,0.4443153982097283,210.1462344302845
20,3,0.35488430701196194,210.1462344302845
20,4,0.5405575224198401,210.1462344302845
20,5,0.36493387138471006,210.1462344302845
20,6,0.273073712317273,210.1462344302845
20,7,0.42542061069514603,210.1462344302845
20,8,0.2747703096270561,210.1462344302845
21,0,0.519157284926623,218.17149564551693
21,1,0.2579598641069606,218.17149564551693
21,2,0.4443153982097283,218.17149564551693
21,3,0.35488430701196194,218.17149564551693
21,4,0.5405575224198401,218.17149564551693
21,5,0.36493387138471006,218.17149564551693
21,6,0.273073712317273,218.17149564551693
21,7,0.42542061069514603,218.17149564551693
21,8,0.2747703096270561,218.17149564551693
22,0,0.519157284926623,225.56650745102473
22,1,0.2579598641069606,225.56650745102473
22,2,0.4443153982097283,225.56650745102473
22,3,0.35488430701196194,225.56650745102473
22,4,0.5405575224198401,225.56650745102473
22,5,0.36493387138471006,225.56650745102473
22,6,0.273073712317273,225.56650745102473
22,7,0.42542061069514603,225.56650745102473
23,0,0.519157284926623,232.96151925653254
23,1,0.2579598641069606,232.96151925653254
23,2,0.4443153982097283,232.96151925653254
23,3,0.35488430701196194,232.96151925653254
23,4,0.5405575224198401,232.96151925653254
23,5,0.36493387138471006,232.96151925653254
23,6,0.273073712317273,232.96151925653254
23,7,0.42542061069514603,232.96151925653254
24,0,0.519157284926623,240.35653106204035
24,1,0.2579598641069606,240.35653106204035
24,2,0.4443153982097283,240.35653106204035
24,3,0.35488430701196194,240.35653106204035
24,4,0.5405575224198401,240.35653106204035
24,5,0.36493387138471006,240.35653106204035
24,6,0.273073712317273,240.35653106204035
24,7,0.42542061069514603,240.35653106204035
25,0,0.519157284926623,248.38179227727278
25,1,0.2579598641069606,248.38179227727278
25,2,0.4443153982097283,248.38179227727278
25,3,0.35488430701196194,248.38179227727278
25,4,0.5405575224198401,248.38179227727278
25,5,0.36493387138471006,248.38179227727278
25,6,0.273073712317273,248.38179227727278
25,7,0.42542061069514603,248.38179227727278
25,8,0.2747703096270561,248.38179227727278
26,0,0.519157284926623,256.4070534925052
26,1,0.2579598641069606,256.4070534925052
26,2,0.4443153982097283,256.4070534925052
26,3,0.35488430701196194,256.4070534925052
26,4,0.5405575224198401,256.4070534925052
26,5,0.36493387138471006,256.4070534925052
26,6,0.273073712317273,256.4070534925052
26,7,0.42542061069514603,256.4070534925052
26,8,0.2747703096270561,256.4070534925052
27,0,0.519157284926623,264.43231470773765
27,1,0.2579598641069606,264.43231470773765
27,2,0.4443153982097283,264.43231470773765
27,3,0.35488430701196194,264.43231470773765
27,4,0.5405575224198401,264.43231470773765
27,5,0.36493387138471006,264.43231470773765
27,6,0.273073712317273,264.43231470773765
27,7,0.42542061069514603,264.43231470773765
27,8,0.2747703096270561,264.43231470773765
28,0,0.519157284926623,274.16547304214754
28,1,0.2579598641069606,274.16547304214754
28,2,0.4443153982097283,274.16547304214754
28,3,0.35488430701196194,274.16547304214754
28,4,0.5405575224198401,274.16547304214754
28,5,0.36493387138471006,274.16547304214754
28,6,0.273073712317273,274.16547304214754
28,7,0.42542061069514603,274.16547304214754
28,8,0.2747703096270561,274.16547304214754
28,9,0.3549510918371379,274.16547304214754
28,10,0.18465011313557625,274.16547304214754
28,11,0.29735290210694076,274.16547304214754
29,0,0.519157284926623,282.19073425738
29,1,0.2579598641069606,282.19073425738
29,2,0.4443153982097283,282.19073425738
29,3,0.35488430701196194,282.19073425738
29,4,0.5405575224198401,282.19073425738
29,5,0.36493387138471006,282.19073425738
29,6,0.273073712317273,282.19073425738
29,7,0.42542061069514603,282.19073425738
29,8,0.2747703096270561,282.19073425738
30,0,0.519157284926623,290.8147324118508
30,1,0.2579598641069606,290.8147324118508
30,2,0.4443153982097283,290.8147324118508
30,3,0.35488430701196194,290.8147324118508
30,4,0.5405575224198401,290.8147324118508
30,5,0.36493387138471006,290.8147324118508
30,6,0.273073712317273,290.8147324118508
30,7,0.42542061069514603,290.8147324118508
30,8,0.2747703096270561,290.8147324118508
30,9,0.3549510918371379,290.8147324118508
31,0,0.519157284926623,299.4387305663216
31,1,0.2579598641069606,299.4387305663216
31,2,0.4443153982097283,299.4387305663216
31,3,0.35488430701196194,299.4387305663216
31,4,0.5405575224198401,299.4387305663216
31,5,0.36493387138471006,299.4387305663216
31,6,0.273073712317273,299.4387305663216
31,7,0.42542061069514603,299.4387305663216
31,8,0.2747703096270561,299.4387305663216
31,9,0.3549510918371379,299.4387305663216
32,0,0.519157284926623,307.46399178155406
32,1,0.2579598641069606,307.46399178155406
32,2,0.4443153982097283,307.46399178155406
32,3,0.35488430701196194,307.46399178155406
32,4,0.5405575224198401,307.46399178155406
32,5,0.36493387138471006,307.46399178155406
32,6,0.273073712317273,307.46399178155406
32,7,0.42542061069514603,307.46399178155406
32,8,0.2747703096270561,307.46399178155406
33,0,0.519157284926623,315.4892529967865
33,1,0.2579598641069606,315.4892529967865
33,2,0.4443153982097283,315.4892529967865
33,3,0.35488430701196194,315.4892529967865
33,4,0.5405575224198401,315.4892529967865
33,5,0.36493387138471006,315.4892529967865
33,6,0.273073712317273,315.4892529967865
33,7,0.42542061069514603,315.4892529967865
33,8,0.2747703096270561,315.4892529967865
34,0,0.519157284926623,326.2234283935914
34,1,0.2579598641069606,326.2234283935914
34,2,0.4443153982097283,326.2234283935914
34,3,0.35488430701196194,326.2234283935914
34,4,0.5405575224198401,326.2234283935914
34,5,0.36493387138471006,326.2234283935914
34,6,0.273073712317273,326.2234283935914
34,7,0.42542061069514603,326.2234283935914
34,8,0.2747703096270561,326.2234283935914
34,9,0.3549510918371379,326.2234283935914
34,10,0.18465011313557625,326.2234283935914
34,11,0.29735290210694076,326.2234283935914
34,12,0.34696657590568064,326.2234283935914
34,13,0.3276965882815421,326.2234283935914
35,0,0.519157284926623,334.84742654806223
35,1,0.2579598641069606,334.84742654806223
35,2,0.4443153982097283,334.84742654806223
35,3,0.35488430701196194,334.84742654806223
35,4,0.5405575224198401,334.84742654806223
35,5,0.36493387138471006,334.84742654806223
35,6,0.273073712317273,334.84742654806223
35,7,0.42542061069514603,334.84742654806223
35,8,0.2747703096270561,334.84742654806223
35,9,0.3549510918371379,334.84742654806223
36,0,0.519157284926623,344.0402247948095
36,1,0.2579598641069606,344.0402247948095
36,2,0.4443153982097283,344.0402247948095
36,3,0.35488430701196194,344.0402247948095
36,4,0.5405575224198401,344.0402247948095
36,5,0.36493387138471006,344.0402247948095
36,6,0.273073712317273,344.0402247948095
36,7,0.42542061069514603,344.0402247948095
36,8,0.2747703096270561,344.0402247948095
36,9,0.3549510918371379,344.0402247948095
36,10,0.18465011313557625,344.0402247948095
37,0,0.519157284926623,353.7733831292194
37,1,0.2579598641069606,353.7733831292194
37,2,0.4443153982097283,353.7733831292194
37,3,0.35488430701196194,353.7733831292194
37,4,0.5405575224198401,353.7733831292194
37,5,0.36493387138471006,353.7733831292194
37,6,0.273073712317273,353.7733831292194
37,7,0.42542061069514603,353.7733831292194
37,8,0.2747703096270561,353.7733831292194
37,9,0.3549510918371379,353.7733831292194
37,10,0.18465011313557625,353.7733831292194
37,11,0.29735290210694076,353.7733831292194
38,0,0.519157284926623,362.96618137596664
38,1,0.2579598641069606,362.96618137596664
38,2,0.4443153982097283,362.96618137596664
38,3,0.35488430701196194,362.96618137596664
38,4,0.5405575224198401,362.96618137596664
38,5,0.36493387138471006,362.96618137596664
38,6,0.273073712317273,362.96618137596664
38,7,0.42542061069514603,362.96618137596664
38,8,0.2747703096270561,362.96618137596664
38,9,0.3549510918371379,362.96618137596664
38,10,0.18465011313557625,362.96618137596664
39,0,0.519157284926623,372.1589796227139
39,1,0.2579598641069606,372.1589796227139
39,2,0.4443153982097283,372.1589796227139
39,3,0.35488430701196194,372.1589796227139
39,4,0.5405575224198401,372.1589796227139
39,5,0.36493387138471006,372.1589796227139
39,6,0.273073712317273,372.1589796227139
39,7,0.42542061069514603,372.1589796227139
39,8,0.2747703096270561,372.1589796227139
39,9,0.3549510918371379,372.1589796227139
39,10,0.18465011313557625,372.1589796227139
40,0,0.519157284926623,382.4054800404033
40,1,0.2579598641069606,382.4054800404033
40,2,0.4443153982097283,382.4054800404033
40,3,0.35488430701196194,382.4054800404033
40,4,0.5405575224198401,382.4054800404033
40,5,0.36493387138471006,382.4054800404033
40,6,0.273073712317273,382.4054800404033
40,7,0.42542061069514603,382.4054800404033
40,8,0.2747703096270561,382.4054800404033
40,9,0.3549510918371379,382.4054800404033
40,10,0.18465011313557625,382.4054800404033
40,11,0.29735290210694076,382.4054800404033
40,12,0.34696657590568064,382.4054800404033
41,0,0.519157284926623,394.8584079896971
41,1,0.2579598641069606,394.8584079896971
41,2,0.4443153982097283,394.8584079896971
41,3,0.35488430701196194,394.8584079896971
41,4,0.5405575224198401,394.8584079896971
41,5,0.36493387138471006,394.8584079896971
41,6,0.273073712317273,394.8584079896971
41,7,0.42542061069514603,394.8584079896971
41,8,0.2747703096270561,394.8584079896971
41,9,0.3549510918371379,394.8584079896971
41,10,0.18465011313557625,394.8584079896971
41,11,0.29735290210694076,394.8584079896971
41,12,0.34696657590568064,394.8584079896971
41,13,0.3276965882815421,394.8584079896971
41,14,0.4416752135846764,394.8584079896971
41,15,0.37444362055510283,394.8584079896971
41,16,0.3413920242805034,394.8584079896971
41,17,0.1994441025517881,394.8584079896971
42,0,0.519157284926623,405.59258338650204
42,1,0.2579598641069606,405.59258338650204
42,2,0.4443153982097283,405.59258338650204
42,3,0.35488430701196194,405.59258338650204
42,4,0.5405575224198401,405.59258338650204
42,5,0.36493387138471006,405.59258338650204
42,6,0.273073712317273,405.59258338650204
42,7,0.42542061069514603,405.59258338650204
42,8,0.2747703096270561,405.59258338650204
42,9,0.3549510918371379,405.59258338650204
42,10,0.18465011313557625,405.59258338650204
42,11,0.29735290210694076,405.59258338650204
42,12,0.34696657590568064,405.59258338650204
42,13,0.3276965882815421,405.59258338650204
43,0,0.519157284926623,416.7900500134667
43,1,0.2579598641069606,416.7900500134667
43,2,0.4443153982097283,416.7900500134667
43,3,0.35488430701196194,416.7900500134667
43,4,0.5405575224198401,416.7900500134667
43,5,0.36493387138471006,416.7900500134667
43,6,0.273073712317273,416.7900500134667
43,7,0.42542061069514603,416.7900500134667
43,8,0.2747703096270561,416.7900500134667
43,9,0.3549510918371379,416.7900500134667
43,10,0.18465011313557625,416.7900500134667
43,11,0.29735290210694076,416.7900500134667
43,12,0.34696657590568064,416.7900500134667
43,13,0.3276965882815421,416.7900500134667
43,14,0.4416752135846764,416.7900500134667
44,0,0.519157284926623,425.982848260214
44,1,0.2579598641069606,425.982848260214
44,2,0.4443153982097283,425.982848260214
44,3,0.35488430701196194,425.982848260214
44,4,0.5405575224198401,425.982848260214
44,5,0.36493387138471006,425.982848260214
44,6,0.273073712317273,425.982848260214
44,7,0.42542061069514603,425.982848260214
44,8,0.2747703096270561,425.982848260214
44,9,0.3549510918371379,425.982848260214
44,10,0.18465011313557625,425.982848260214
45,0,0.519157284926623,435.17564650696124
45,1,0.2579598641069606,435.17564650696124
45,2,0.4443153982097283,435.17564650696124
45,3,0.35488430701196194,435.17564650696124
45,4,0.5405575224198401,435.17564650696124
45,5,0.36493387138471006,435.17564650696124
45,6,0.273073712317273,435.17564650696124
45,7,0.42542061069514603,435.17564650696124
45,8,0.2747703096270561,435.17564650696124
45,9,0.3549510918371379,435.17564650696124
45,10,0.18465011313557625,435.17564650696124
46,0,0.519157284926623,444.3684447537085
46,1,0.2579598641069606,444.3684447537085
46,2,0.4443153982097283,444.3684447537085
46,3,0.35488430701196194,444.3684447537085
46,4,0.5405575224198401,444.3684447537085
46,5,0.36493387138471006,444.3684447537085
46,6,0.273073712317273,444.3684447537085
46,7,0.42542061069514603,444.3684447537085
46,8,0.2747703096270561,444.3684447537085
46,9,0.3549510918371379,444.3684447537085
46,10,0.18465011313557625,444.3684447537085
47,0,0.519157284926623,454.1016030881184
47,1,0.2579598641069606,454.1016030881184
47,2,0.4443153982097283,454.1016030881184
47,3,0.35488430701196194,454.1016030881184
47,4,0.5405575224198401,454.1016030881184
47,5,0.36493387138471006,454.1016030881184
47,6,0.273073712317273,454.1016030881184
47,7,0.42542061069514603,454.1016030881184
47,8,0.2747703096270561,454.1016030881184
47,9,0.3549510918371379,454.1016030881184
47,10,0.18465011313557625,454.1016030881184
47,11,0.29735290210694076,454.1016030881184
48,0,0.519157284926623,464.3481035058078
48,1,0.2579598641069606,464.3481035058078
48,2,0.4443153982097283,464.3481035058078
48,3,0.35488430701196194,464.3481035058078
48,4,0.5405575224198401,464.3481035058078
48,5,0.36493387138471006,464.3481035058078
48,6,0.273073712317273,464.3481035058078
48,7,0.42542061069514603,464.3481035058078
48,8,0.2747703096270561,464.3481035058078
48,9,0.3549510918371379,464.3481035058078
48,10,0.18465011313557625,464.3481035058078
48,11,0.29735290210694076,464.3481035058078
48,12,0.34696657590568064,464.3481035058078
49,0,0.519157284926623,476.8010314551016
49,1,0.2579598641069606,476.8010314551016
49,2,0.4443153982097283,476.8010314551016
49,3,0.35488430701196194,476.8010314551016
49,4,0.5405575224198401,476.8010314551016
49,5,0.36493387138471006,476.8010314551016
49,6,0.273073712317273,476.8010314551016
49,7,0.42542061069514603,476.8010314551016
49,8,0.2747703096270561,476.8010314551016
49,9,0.3549510918371379,476.8010314551016
49,10,0.18465011313557625,476.8010314551016
49,11,0.29735290210694076,476.8010314551016
49,12,0.34696657590568064,476.8010314551016
49,13,0.3276965882815421,476.8010314551016
49,14,0.4416752135846764,476.8010314551016
49,15,0.37444362055510283,476.8010314551016
49,16,0.3413920242805034,476.8010314551016
49,17,0.1994441025517881,476.8010314551016
50,0,0.519157284926623,489.25395940439546
50,1,0.2579598641069606,489.25395940439546
50,2,0.4443153982097283,489.25395940439546
50,3,0.35488430701196194,489.25395940439546
50,4,0.5405575224198401,489.25395940439546
50,5,0.36493387138471006,489.25395940439546
50,6,0.273073712317273,489.25395940439546
50,7,0.42542061069514603,489.25395940439546
50,8,0.2747703096270561,489.25395940439546
50,9,0.3549510918371379,489.25395940439546
50,10,0.18465011313557625,489.25395940439546
50,11,0.29735290210694076,489.25395940439546
50,12,0.34696657590568064,489.25395940439546
50,13,0.3276965882815421,489.25395940439546
50,14,0.4416752135846764,489.25395940439546
50,15,0.37444362055510283,489.25395940439546
50,16,0.3413920242805034,489.25395940439546
50,17,0.1994441025517881,489.25395940439546
51,0,0.519157284926623,499.50045982208485
51,1,0.2579598641069606,499.50045982208485
51,2,0.4443153982097283,499.50045982208485
51,3,0.35488430701196194,499.50045982208485
51,4,0.5405575224198401,499.50045982208485
51,5,0.36493387138471006,499.50045982208485
51,6,0.273073712317273,499.50045982208485
51,7,0.42542061069514603,499.50045982208485
51,8,0.2747703096270561,499.50045982208485
51,9,0.3549510918371379,499.50045982208485
51,10,0.18465011313557625,499.50045982208485
51,11,0.29735290210694076,499.50045982208485
51,12,0.34696657590568064,499.50045982208485
52,0,0.519157284926623,511.1380531177013
52,1,0.2579598641069606,511.1380531177013
52,2,0.4443153982097283,511.1380531177013
52,3,0.35488430701196194,511.1380531177013
52,4,0.5405575224198401,511.1380531177013
52,5,0.36493387138471006,511.1380531177013
52,6,0.273073712317273,511.1380531177013
52,7,0.42542061069514603,511.1380531177013
52,8,0.2747703096270561,511.1380531177013
52,9,0.3549510918371379,511.1380531177013
52,10,0.18465011313557625,511.1380531177013
52,11,0.29735290210694076,511.1380531177013
52,12,0.34696657590568064,511.1380531177013
52,13,0.3276965882815421,511.1380531177013
52,14,0.4416752135846764,511.1380531177013
52,15,0.37444362055510283,511.1380531177013
53,0,0.519157284926623,519.7620512721721
53,1,0.2579598641069606,519.7620512721721
53,2,0.4443153982097283,519.7620512721721
53,3,0.35488430701196194,519.7620512721721
53,4,0.5405575224198401,519.7620512721721
53,5,0.36493387138471006,519.7620512721721
53,6,0.273073712317273,519.7620512721721
53,7,0.42542061069514603,519.7620512721721
53,8,0.2747703096270561,519.7620512721721
53,9,0.3549510918371379,519.7620512721721
54,0,0.519157284926623,532.5923328240012
54,1,0.2579598641069606,532.5923328240012
54,2,0.4443153982097283,532.5923328240012
54,3,0.35488430701196194,532.5923328240012
54,4,0.5405575224198401,532.5923328240012
54,5,0.36493387138471006,532.5923328240012
54,6,0.273073712317273,532.5923328240012
54,7,0.42542061069514603,532.5923328240012
54,8,0.2747703096270561,532.5923328240012
54,9,0.3549510918371379,532.5923328240012
54,10,0.18465011313557625,532.5923328240012
54,11,0.29735290210694076,532.5923328240012
54,12,0.34696657590568064,532.5923328240012
54,13,0.3276965882815421,532.5923328240012
54,14,0.4416752135846764,532.5923328240012
54,15,0.37444362055510283,532.5923328240012
54,16,0.3413920242805034,532.5923328240012
54,17,0.1994441025517881,532.5923328240012
54,18,0.32552159428596494,532.5923328240012
55,0,0.519157284926623,545.7811002982389
55,1,0.2579598641069606,545.7811002982389
55,2,0.4443153982097283,545.7811002982389
55,3,0.35488430701196194,545.7811002982389
55,4,0.5405575224198401,545.7811002982389
55,5,0.36493387138471006,545.7811002982389
55,6,0.273073712317273,545.7811002982389
55,7,0.42542061069514603,545.7811002982389
55,8,0.2747703096270561,545.7811002982389
55,9,0.3549510918371379,545.7811002982389
55,10,0.18465011313557625,545.7811002982389
55,11,0.29735290210694076,545.7811002982389
55,12,0.34696657590568064,545.7811002982389
55,13,0.3276965882815421,545.7811002982389
55,14,0.4416752135846764,545.7811002982389
55,15,0.37444362055510283,545.7811002982389
55,16,0.3413920242805034,545.7811002982389
55,17,0.1994441025517881,545.7811002982389
55,18,0.32552159428596494,545.7811002982389
55,19,0.3109909766353667,545.7811002982389
56,0,0.519157284926623,559.6339629437384
56,1,0.2579598641069606,559.6339629437384
56,2,0.4443153982097283,559.6339629437384
56,3,0.35488430701196194,559.6339629437384
56,4,0.5405575224198401,559.6339629437384
56,5,0.36493387138471006,559.6339629437384
56,6,0.273073712317273,559.6339629437384
56,7,0.42542061069514603,559.6339629437384
56,8,0.2747703096270561,559.6339629437384
56,9,0.3549510918371379,559.6339629437384
56,10,0.18465011313557625,559.6339629437384
56,11,0.29735290210694076,559.6339629437384
56,12,0.34696657590568064,559.6339629437384
56,13,0.3276965882815421,559.6339629437384
56,14,0.4416752135846764,559.6339629437384
56,15,0.37444362055510283,559.6339629437384
56,16,0.3413920242805034,559.6339629437384
56,17,0.1994441025517881,559.6339629437384
56,18,0.32552159428596494,559.6339629437384
56,19,0.3109909766353667,559.6339629437384
56,20,0.2737418636586517,559.6339629437384
56,21,0.3632447486370802,559.6339629437384
57,0,0.519157284926623,573.1632920442643
57,1,0.2579598641069606,573.1632920442643
57,2,0.4443153982097283,573.1632920442643
57,3,0.35488430701196194,573.1632920442643
57,4,0.5405575224198401,573.1632920442643
57,5,0.36493387138471006,573.1632920442643
57,6,0.273073712317273,573.1632920442643
57,7,0.42542061069514603,573.1632920442643
57,8,0.2747703096270561,573.1632920442643
57,9,0.3549510918371379,573.1632920442643
57,10,0.18465011313557625,573.1632920442643
57,11,0.29735290210694076,573.1632920442643
57,12,0.34696657590568064,573.1632920442643
57,13,0.3276965882815421,573.1632920442643
57,14,0.4416752135846764,573.1632920442643
57,15,0.37444362055510283,573.1632920442643
57,16,0.3413920242805034,573.1632920442643
57,17,0.1994441025517881,573.1632920442643
57,18,0.32552159428596494,573.1632920442643
57,19,0.3109909766353667,573.1632920442643
57,20,0.2737418636586517,573.1632920442643
58,0,0.519157284926623,587.3235115574888
58,1,0.2579598641069606,587.3235115574888
58,2,0.4443153982097283,587.3235115574888
58,3,0.35488430701196194,587.3235115574888
58,4,0.5405575224198401,587.3235115574888
58,5,0.36493387138471006,587.3235115574888
58,6,0.273073712317273,587.3235115574888
58,7,0.42542061069514603,587.3235115574888
58,8,0.2747703096270561,587.3235115574888
58,9,0.3549510918371379,587.3235115574888
58,10,0.18465011313557625,587.3235115574888
58,11,0.29735290210694076,587.3235115574888
58,12,0.34696657590568064,587.3235115574888
58,13,0.3276965882815421,587.3235115574888
58,14,0.4416752135846764,587.3235115574888
58,15,0.37444362055510283,587.3235115574888
58,16,0.3413920242805034,587.3235115574888
58,17,0.1994441025517881,587.3235115574888
58,18,0.32552159428596494,587.3235115574888
58,19,0.3109909766353667,587.3235115574888
58,20,0.2737418636586517,587.3235115574888
58,21,0.3632447486370802,587.3235115574888
58,22,0.42675152293406426,587.3235115574888
59,0,0.519157284926623,600.1537931093179
59,1,0.2579598641069606,600.1537931093179
59,2,0.4443153982097283,600.1537931093179
59,3,0.35488430701196194,600.1537931093179
59,4,0.5405575224198401,600.1537931093179
59,5,0.36493387138471006,600.1537931093179
59,6,0.273073712317273,600.1537931093179
59,7,0.42542061069514603,600.1537931093179
59,8,0.2747703096270561,600.1537931093179
59,9,0.3549510918371379,600.1537931093179
59,10,0.18465011313557625,600.1537931093179
59,11,0.29735290210694076,600.1537931093179
59,12,0.34696657590568064,600.1537931093179
59,13,0.3276965882815421,600.1537931093179
59,14,0.4416752135846764,600.1537931093179
59,15,0.37444362055510283,600.1537931093179
59,16,0.3413920242805034,600.1537931093179
59,17,0.1994441025517881,600.1537931093179
59,18,0.32552159428596494,600.1537931093179
60,0,0.519157284926623,616.0756565944021
60,1,0.2579598641069606,616.0756565944021
60,2,0.4443153982097283,616.0756565944021
60,3,0.35488430701196194,616.0756565944021
60,4,0.5405575224198401,616.0756565944021
60,5,0.36493387138471006,616.0756565944021
60,6,0.273073712317273,616.0756565944021
60,7,0.42542061069514603,616.0756565944021
60,8,0.2747703096270561,616.0756565944021
60,9,0.3549510918371379,616.0756565944021
60,10,0.18465011313557625,616.0756565944021
60,11,0.29735290210694076,616.0756565944021
60,12,0.34696657590568064,616.0756565944021
60,13,0.3276965882815421,616.0756565944021
60,14,0.4416752135846764,616.0756565944021
60,15,0.37444362055510283,616.0756565944021
60,16,0.3413920242805034,616.0756565944021
60,17,0.1994441025517881,616.0756565944021
60,18,0.32552159428596494,616.0756565944021
60,19,0.3109909766353667,616.0756565944021
60,20,0.2737418636586517,616.0756565944021
60,21,0.3632447486370802,616.0756565944021
60,22,0.42675152293406426,616.0756565944021
60,23,0.34029222538694737,616.0756565944021
60,24,0.32050295412540436,616.0756565944021
60,25,0.4417852568998933,616.0756565944021
60,26,0.4807078716158867,616.0756565944021
60,27,0.2862983552739024,616.0756565944021
60,28,0.24610288970172406,616.0756565944021
60,29,0.2184124007448554,616.0756565944021
61,0,0.519157284926623,631.9975200794862
61,1,0.2579598641069606,631.9975200794862
61,2,0.4443153982097283,631.9975200794862
61,3,0.35488430701196194,631.9975200794862
61,4,0.5405575224198401,631.9975200794862
61,5,0.36493387138471006,631.9975200794862
61,6,0.273073712317273,631.9975200794862
61,7,0.42542061069514603,631.9975200794862
61,8,0.2747703096270561,631.9975200794862
61,9,0.3549510918371379,631.9975200794862
61,10,0.18465011313557625,631.9975200794862
61,11,0.29735290210694076,631.9975200794862
61,12,0.34696657590568064,631.9975200794862
61,13,0.3276965882815421,631.9975200794862
61,14,0.4416752135846764,631.9975200794862
61,15,0.37444362055510283,631.9975200794862
61,16,0.3413920242805034,631.9975200794862
61,17,0.1994441025517881,631.9975200794862
61,18,0.32552159428596494,631.9975200794862
61,19,0.3109909766353667,631.9975200794862
61,20,0.2737418636586517,631.9975200794862
61,21,0.3632447486370802,631.9975200794862
61,22,0.42675152293406426,631.9975200794862
61,23,0.34029222538694737,631.9975200794862
61,24,0.32050295412540436,631.9975200794862
61,25,0.4417852568998933,631.9975200794862
61,26,0.4807078716158867,631.9975200794862
61,27,0.2862983552739024,631.9975200794862
61,28,0.24610288970172406,631.9975200794862
61,29,0.2184124007448554,631.9975200794862
62,0,0.519157284926623,646.990638284637
62,1,0.2579598641069606,646.990638284637
62,2,0.4443153982097283,646.990638284637
62,3,0.35488430701196194,646.990638284637
62,4,0.5405575224198401,646.990638284637
62,5,0.36493387138471006,646.990638284637
62,6,0.273073712317273,646.990638284637
62,7,0.42542061069514603,646.990638284637
62,8,0.2747703096270561,646.990638284637
62,9,0.3549510918371379,646.990638284637
62,10,0.18465011313557625,646.990638284637
62,11,0.29735290210694076,646.990638284637
62,12,0.34696657590568064,646.990638284637
62,13,0.3276965882815421,646.990638284637
62,14,0.4416752135846764,646.990638284637
62,15,0.37444362055510283,646.990638284637
62,16,0.3413920242805034,646.990638284637
62,17,0.1994441025517881,646.990638284637
62,18,0.32552159428596494,646.990638284637
62,19,0.3109909766353667,646.990638284637
62,20,0.2737418636586517,646.990638284637
62,21,0.3632447486370802,646.990638284637
62,22,0.42675152293406426,646.990638284637
62,23,0.34029222538694737,646.990638284637
62,24,0.32050295412540436,646.990638284637
62,25,0.4417852568998933,646.990638284637
63,0,0.519157284926623,657.724813681442
63,1,0.2579598641069606,657.724813681442
63,2,0.4443153982097283,657.724813681442
63,3,0.35488430701196194,657.724813681442
63,4,0.5405575224198401,657.724813681442
63,5,0.36493387138471006,657.724813681442
63,6,0.273073712317273,657.724813681442
63,7,0.42542061069514603,657.724813681442
63,8,0.2747703096270561,657.724813681442
63,9,0.3549510918371379,657.724813681442
63,10,0.18465011313557625,657.724813681442
63,11,0.29735290210694076,657.724813681442
63,12,0.34696657590568064,657.724813681442
63,13,0.3276965882815421,657.724813681442
64,0,0.519157284926623,669.7805273122776
64,1,0.2579598641069606,669.7805273122776
64,2,0.4443153982097283,669.7805273122776
64,3,0.35488430701196194,669.7805273122776
64,4,0.5405575224198401,669.7805273122776
64,5,0.36493387138471006,669.7805273122776
64,6,0.273073712317273,669.7805273122776
64,7,0.42542061069514603,669.7805273122776
64,8,0.2747703096270561,669.7805273122776
64,9,0.3549510918371379,669.7805273122776
64,10,0.18465011313557625,669.7805273122776
64,11,0.29735290210694076,669.7805273122776
64,12,0.34696657590568064,669.7805273122776
64,13,0.3276965882815421,669.7805273122776
64,14,0.4416752135846764,669.7805273122776
64,15,0.37444362055510283,669.7805273122776
64,16,0.3413920242805034,669.7805273122776
65,0,0.519157284926623,688.8106368072891
65,1,0.2579598641069606,688.8106368072891
65,2,0.4443153982097283,688.8106368072891
65,3,0.35488430701196194,688.8106368072891
65,4,0.5405575224198401,688.8106368072891
65,5,0.36493387138471006,688.8106368072891
65,6,0.273073712317273,688.8106368072891
65,7,0.42542061069514603,688.8106368072891
65,8,0.2747703096270561,688.8106368072891
65,9,0.3549510918371379,688.8106368072891
65,10,0.18465011313557625,688.8106368072891
65,11,0.29735290210694076,688.8106368072891
65,12,0.34696657590568064,688.8106368072891
65,13,0.3276965882815421,688.8106368072891
65,14,0.4416752135846764,688.8106368072891
65,15,0.37444362055510283,688.8106368072891
65,16,0.3413920242805034,688.8106368072891
65,17,0.1994441025517881,688.8106368072891
65,18,0.32552159428596494,688.8106368072891
65,19,0.3109909766353667,688.8106368072891
65,20,0.2737418636586517,688.8106368072891
65,21,0.3632447486370802,688.8106368072891
65,22,0.42675152293406426,688.8106368072891
65,23,0.34029222538694737,688.8106368072891
65,24,0.32050295412540436,688.8106368072891
65,25,0.4417852568998933,688.8106368072891
65,26,0.4807078716158867,688.8106368072891
65,27,0.2862983552739024,688.8106368072891
65,28,0.24610288970172406,688.8106368072891
65,29,0.2184124007448554,688.8106368072891
65,30,0.2677478513121605,688.8106368072891
65,31,0.22382573336362838,688.8106368072891
65,32,0.17786189042031764,688.8106368072891
65,33,0.2990192377567291,688.8106368072891
65,34,0.3082344056665897,688.8106368072891
65,35,0.3075810322165489,688.8106368072891
65,36,0.30465564399957656,688.8106368072891
65,37,0.31007721900939944,688.8106368072891
65,38,0.3279362468421459,688.8106368072891
65,39,0.3411541177332401,688.8106368072891
65,40,0.3419490373134613,688.8106368072891
65,41,0.3776549369096756,688.8106368072891
65,42,0.37803110361099246,688.8106368072891
65,43,0.41183840900659563,688.8106368072891
65,44,0.40255144268274307,688.8106368072891
65,45,0.44111403465271,688.8106368072891
65,46,0.4315627455711365,688.8106368072891
65,47,0.4614535963535309,688.8106368072891
65,48,0.4838092890381813,688.8106368072891
65,49,0.48102767288684845,688.8106368072891
65,50,0.3009768259525299,688.8106368072891
65,51,0.3021294963359833,688.8106368072891
65,52,0.30965333253145216,688.8106368072891
65,53,0.31913888424634934,688.8106368072891
65,54,0.3345841833949089,688.8106368072891
65,55,0.34644553184509275,688.8106368072891
65,56,0.36774366199970243,688.8106368072891
65,57,0.3750815173983574,688.8106368072891
66,0,0.519157284926623,704.0540991021825
66,1,0.2579598641069606,704.0540991021825
66,2,0.4443153982097283,704.0540991021825
66,3,0.35488430701196194,704.0540991021825
66,4,0.5405575224198401,704.0540991021825
66,5,0.36493387138471006,704.0540991021825
66,6,0.273073712317273,704.0540991021825
66,7,0.42542061069514603,704.0540991021825
66,8,0.2747703096270561,704.0540991021825
66,9,0.3549510918371379,704.0540991021825
66,10,0.18465011313557625,704.0540991021825
66,11,0.29735290210694076,704.0540991021825
66,12,0.34696657590568064,704.0540991021825
66,13,0.3276965882815421,704.0540991021825
66,14,0.4416752135846764,704.0540991021825
66,15,0.37444362055510283,704.0540991021825
66,16,0.3413920242805034,704.0540991021825
66,17,0.1994441025517881,704.0540991021825
66,18,0.32552159428596494,704.0540991021825
66,19,0.3109909766353667,704.0540991021825
66,20,0.2737418636586517,704.0540991021825
66,21,0.3632447486370802,704.0540991021825
66,22,0.42675152293406426,704.0540991021825
66,23,0.34029222538694737,704.0540991021825
66,24,0.32050295412540436,704.0540991021825
66,25,0.4417852568998933,704.0540991021825
66,26,0.4807078716158867,704.0540991021825
67,0,0.519157284926623,717.2428665764202
67,1,0.2579598641069606,717.2428665764202
67,2,0.4443153982097283,717.2428665764202
67,3,0.35488430701196194,717.2428665764202
67,4,0.5405575224198401,717.2428665764202
67,5,0.36493387138471006,717.2428665764202
67,6,0.273073712317273,717.2428665764202
67,7,0.42542061069514603,717.2428665764202
67,8,0.2747703096270561,717.2428665764202
67,9,0.3549510918371379,717.2428665764202
67,10,0.18465011313557625,717.2428665764202
67,11,0.29735290210694076,717.2428665764202
67,12,0.34696657590568064,717.2428665764202
67,13,0.3276965882815421,717.2428665764202
67,14,0.4416752135846764,717.2428665764202
67,15,0.37444362055510283,717.2428665764202
67,16,0.3413920242805034,717.2428665764202
67,17,0.1994441025517881,717.2428665764202
67,18,0.32552159428596494,717.2428665764202
67,19,0.3109909766353667,717.2428665764202
68,0,0.519157284926623,729.2985802072558
68,1,0.2579598641069606,729.2985802072558
68,2,0.4443153982097283,729.2985802072558
68,3,0.35488430701196194,729.2985802072558
68,4,0.5405575224198401,729.2985802072558
68,5,0.36493387138471006,729.2985802072558
68,6,0.273073712317273,729.2985802072558
68,7,0.42542061069514603,729.2985802072558
68,8,0.2747703096270561,729.2985802072558
68,9,0.3549510918371379,729.2985802072558
68,10,0.18465011313557625,729.2985802072558
68,11,0.29735290210694076,729.2985802072558
68,12,0.34696657590568064,729.2985802072558
68,13,0.3276965882815421,729.2985802072558
68,14,0.4416752135846764,729.2985802072558
68,15,0.37444362055510283,729.2985802072558
68,16,0.3413920242805034,729.2985802072558
69,0,0.519157284926623,739.0317385416657
69,1,0.2579598641069606,739.0317385416657
69,2,0.4443153982097283,739.0317385416657
69,3,0.35488430701196194,739.0317385416657
69,4,0.5405575224198401,739.0317385416657
69,5,0.36493387138471006,739.0317385416657
69,6,0.273073712317273,739.0317385416657
69,7,0.42542061069514603,739.0317385416657
69,8,0.2747703096270561,739.0317385416657
69,9,0.3549510918371379,739.0317385416657
69,10,0.18465011313557625,739.0317385416657
69,11,0.29735290210694076,739.0317385416657
70,0,0.519157284926623,755.7100708619136
70,1,0.2579598641069606,755.7100708619136
70,2,0.4443153982097283,755.7100708619136
70,3,0.35488430701196194,755.7100708619136
70,4,0.5405575224198401,755.7100708619136
70,5,0.36493387138471006,755.7100708619136
70,6,0.273073712317273,755.7100708619136
70,7,0.42542061069514603,755.7100708619136
70,8,0.2747703096270561,755.7100708619136
70,9,0.3549510918371379,755.7100708619136
70,10,0.18465011313557625,755.7100708619136
70,11,0.29735290210694076,755.7100708619136
70,12,0.34696657590568064,755.7100708619136
70,13,0.3276965882815421,755.7100708619136
70,14,0.4416752135846764,755.7100708619136
70,15,0.37444362055510283,755.7100708619136
70,16,0.3413920242805034,755.7100708619136
70,17,0.1994441025517881,755.7100708619136
70,18,0.32552159428596494,755.7100708619136
70,19,0.3109909766353667,755.7100708619136
70,20,0.2737418636586517,755.7100708619136
70,21,0.3632447486370802,755.7100708619136
70,22,0.42675152293406426,755.7100708619136
70,23,0.34029222538694737,755.7100708619136
70,24,0.32050295412540436,755.7100708619136
70,25,0.4417852568998933,755.7100708619136
70,26,0.4807078716158867,755.7100708619136
70,27,0.2862983552739024,755.7100708619136
70,28,0.24610288970172406,755.7100708619136
70,29,0.2184124007448554,755.7100708619136
70,30,0.2677478513121605,755.7100708619136
70,31,0.22382573336362838,755.7100708619136
70,32,0.17786189042031764,755.7100708619136
70,33,0.2990192377567291,755.7100708619136
71,0,0.519157284926623,770.9535331568069
71,1,0.2579598641069606,770.9535331568069
71,2,0.4443153982097283,770.9535331568069
71,3,0.35488430701196194,770.9535331568069
71,4,0.5405575224198401,770.9535331568069
71,5,0.36493387138471006,770.9535331568069
71,6,0.273073712317273,770.9535331568069
71,7,0.42542061069514603,770.9535331568069
71,8,0.2747703096270561,770.9535331568069
71,9,0.3549510918371379,770.9535331568069
71,10,0.18465011313557625,770.9535331568069
71,11,0.29735290210694076,770.9535331568069
71,12,0.34696657590568064,770.9535331568069
71,13,0.3276965882815421,770.9535331568069
71,14,0.4416752135846764,770.9535331568069
71,15,0.37444362055510283,770.9535331568069
71,16,0.3413920242805034,770.9535331568069
71,17,0.1994441025517881,770.9535331568069
71,18,0.32552159428596494,770.9535331568069
71,19,0.3109909766353667,770.9535331568069
71,20,0.2737418636586517,770.9535331568069
71,21,0.3632447486370802,770.9535331568069
71,22,0.42675152293406426,770.9535331568069
71,23,0.34029222538694737,770.9535331568069
71,24,0.32050295412540436,770.9535331568069
71,25,0.4417852568998933,770.9535331568069
71,26,0.4807078716158867,770.9535331568069
72,0,0.519157284926623,782.5911264524233
72,1,0.2579598641069606,782.5911264524233
72,2,0.4443153982097283,782.5911264524233
72,3,0.35488430701196194,782.5911264524233
72,4,0.5405575224198401,782.5911264524233
72,5,0.36493387138471006,782.5911264524233
72,6,0.273073712317273,782.5911264524233
72,7,0.42542061069514603,782.5911264524233
72,8,0.2747703096270561,782.5911264524233
72,9,0.3549510918371379,782.5911264524233
72,10,0.18465011313557625,782.5911264524233
72,11,0.29735290210694076,782.5911264524233
72,12,0.34696657590568064,782.5911264524233
72,13,0.3276965882815421,782.5911264524233
72,14,0.4416752135846764,782.5911264524233
72,15,0.37444362055510283,782.5911264524233
73,0,0.519157284926623,795.779893926661
73,1,0.2579598641069606,795.779893926661
73,2,0.4443153982097283,795.779893926661
73,3,0.35488430701196194,795.779893926661
73,4,0.5405575224198401,795.779893926661
73,5,0.36493387138471006,795.779893926661
73,6,0.273073712317273,795.779893926661
73,7,0.42542061069514603,795.779893926661
73,8,0.2747703096270561,795.779893926661
73,9,0.3549510918371379,795.779893926661
73,10,0.18465011313557625,795.779893926661
73,11,0.29735290210694076,795.779893926661
73,12,0.34696657590568064,795.779893926661
73,13,0.3276965882815421,795.779893926661
73,14,0.4416752135846764,795.779893926661
73,15,0.37444362055510283,795.779893926661
73,16,0.3413920242805034,795.779893926661
73,17,0.1994441025517881,795.779893926661
73,18,0.32552159428596494,795.779893926661
73,19,0.3109909766353667,795.779893926661
74,0,0.519157284926623,806.9773605536257
74,1,0.2579598641069606,806.9773605536257
74,2,0.4443153982097283,806.9773605536257
74,3,0.35488430701196194,806.9773605536257
74,4,0.5405575224198401,806.9773605536257
74,5,0.36493387138471006,806.9773605536257
74,6,0.273073712317273,806.9773605536257
74,7,0.42542061069514603,806.9773605536257
74,8,0.2747703096270561,806.9773605536257
74,9,0.3549510918371379,806.9773605536257
74,10,0.18465011313557625,806.9773605536257
74,11,0.29735290210694076,806.9773605536257
74,12,0.34696657590568064,806.9773605536257
74,13,0.3276965882815421,806.9773605536257
74,14,0.4416752135846764,806.9773605536257
75,0,0.519157284926623,819.4302885029196
75,1,0.2579598641069606,819.4302885029196
75,2,0.4443153982097283,819.4302885029196
75,3,0.35488430701196194,819.4302885029196
75,4,0.5405575224198401,819.4302885029196
75,5,0.36493387138471006,819.4302885029196
75,6,0.273073712317273,819.4302885029196
75,7,0.42542061069514603,819.4302885029196
75,8,0.2747703096270561,819.4302885029196
75,9,0.3549510918371379,819.4302885029196
75,10,0.18465011313557625,819.4302885029196
75,11,0.29735290210694076,819.4302885029196
75,12,0.34696657590568064,819.4302885029196
75,13,0.3276965882815421,819.4302885029196
75,14,0.4416752135846764,819.4302885029196
75,15,0.37444362055510283,819.4302885029196
75,16,0.3413920242805034,819.4302885029196
75,17,0.1994441025517881,819.4302885029196
76,0,0.519157284926623,831.4860021337552
76,1,0.2579598641069606,831.4860021337552
76,2,0.4443153982097283,831.4860021337552
76,3,0.35488430701196194,831.4860021337552
76,4,0.5405575224198401,831.4860021337552
76,5,0.36493387138471006,831.4860021337552
76,6,0.273073712317273,831.4860021337552
76,7,0.42542061069514603,831.4860021337552
76,8,0.2747703096270561,831.4860021337552
76,9,0.3549510918371379,831.4860021337552
76,10,0.18465011313557625,831.4860021337552
76,11,0.29735290210694076,831.4860021337552
76,12,0.34696657590568064,831.4860021337552
76,13,0.3276965882815421,831.4860021337552
76,14,0.4416752135846764,831.4860021337552
76,15,0.37444362055510283,831.4860021337552
76,16,0.3413920242805034,831.4860021337552
77,0,0.519157284926623,843.1235954293716
77,1,0.2579598641069606,843.1235954293716
77,2,0.4443153982097283,843.1235954293716
77,3,0.35488430701196194,843.1235954293716
77,4,0.5405575224198401,843.1235954293716
77,5,0.36493387138471006,843.1235954293716
77,6,0.273073712317273,843.1235954293716
77,7,0.42542061069514603,843.1235954293716
77,8,0.2747703096270561,843.1235954293716
77,9,0.3549510918371379,843.1235954293716
77,10,0.18465011313557625,843.1235954293716
77,11,0.29735290210694076,843.1235954293716
77,12,0.34696657590568064,843.1235954293716
77,13,0.3276965882815421,843.1235954293716
77,14,0.4416752135846764,843.1235954293716
77,15,0.37444362055510283,843.1235954293716
78,0,0.519157284926623,859.8019277496194
78,1,0.2579598641069606,859.8019277496194
78,2,0.4443153982097283,859.8019277496194
78,3,0.35488430701196194,859.8019277496194
78,4,0.5405575224198401,859.8019277496194
78,5,0.36493387138471006,859.8019277496194
78,6,0.273073712317273,859.8019277496194
78,7,0.42542061069514603,859.8019277496194
78,8,0.2747703096270561,859.8019277496194
78,9,0.3549510918371379,859.8019277496194
78,10,0.18465011313557625,859.8019277496194
78,11,0.29735290210694076,859.8019277496194
78,12,0.34696657590568064,859.8019277496194
78,13,0.3276965882815421,859.8019277496194
78,14,0.4416752135846764,859.8019277496194
78,15,0.37444362055510283,859.8019277496194
78,16,0.3413920242805034,859.8019277496194
78,17,0.1994441025517881,859.8019277496194
78,18,0.32552159428596494,859.8019277496194
78,19,0.3109909766353667,859.8019277496194
78,20,0.2737418636586517,859.8019277496194
78,21,0.3632447486370802,859.8019277496194
78,22,0.42675152293406426,859.8019277496194
78,23,0.34029222538694737,859.8019277496194
78,24,0.32050295412540436,859.8019277496194
78,25,0.4417852568998933,859.8019277496194
78,26,0.4807078716158867,859.8019277496194
78,27,0.2862983552739024,859.8019277496194
78,28,0.24610288970172406,859.8019277496194
78,29,0.2184124007448554,859.8019277496194
78,30,0.2677478513121605,859.8019277496194
78,31,0.22382573336362838,859.8019277496194
78,32,0.17786189042031764,859.8019277496194
78,33,0.2990192377567291,859.8019277496194
79,0,0.519157284926623,878.3399732193618
79,1,0.2579598641069606,878.3399732193618
79,2,0.4443153982097283,878.3399732193618
79,3,0.35488430701196194,878.3399732193618
79,4,0.5405575224198401,878.3399732193618
79,5,0.36493387138471006,878.3399732193618
79,6,0.273073712317273,878.3399732193618
79,7,0.42542061069514603,878.3399732193618
79,8,0.2747703096270561,878.3399732193618
79,9,0.3549510918371379,878.3399732193618
79,10,0.18465011313557625,878.3399732193618
79,11,0.29735290210694076,878.3399732193618
79,12,0.34696657590568064,878.3399732193618
79,13,0.3276965882815421,878.3399732193618
79,14,0.4416752135846764,878.3399732193618
79,15,0.37444362055510283,878.3399732193618
79,16,0.3413920242805034,878.3399732193618
79,17,0.1994441025517881,878.3399732193618
79,18,0.32552159428596494,878.3399732193618
79,19,0.3109909766353667,878.3399732193618
79,20,0.2737418636586517,878.3399732193618
79,21,0.3632447486370802,878.3399732193618
79,22,0.42675152293406426,878.3399732193618
79,23,0.34029222538694737,878.3399732193618
79,24,0.32050295412540436,878.3399732193618
79,25,0.4417852568998933,878.3399732193618
79,26,0.4807078716158867,878.3399732193618
79,27,0.2862983552739024,878.3399732193618
79,28,0.24610288970172406,878.3399732193618
79,29,0.2184124007448554,878.3399732193618
79,30,0.2677478513121605,878.3399732193618
79,31,0.22382573336362838,878.3399732193618
79,32,0.17786189042031764,878.3399732193618
79,33,0.2990192377567291,878.3399732193618
79,34,0.3082344056665897,878.3399732193618
79,35,0.3075810322165489,878.3399732193618
79,36,0.30465564399957656,878.3399732193618
79,37,0.31007721900939944,878.3399732193618
79,38,0.3279362468421459,878.3399732193618
79,39,0.3411541177332401,878.3399732193618
79,40,0.3419490373134613,878.3399732193618
79,41,0.3776549369096756,878.3399732193618
79,42,0.37803110361099246,878.3399732193618
79,43,0.41183840900659563,878.3399732193618
79,44,0.40255144268274307,878.3399732193618
79,45,0.44111403465271,878.3399732193618
79,46,0.4315627455711365,878.3399732193618
79,47,0.4614535963535309,878.3399732193618
79,48,0.4838092890381813,878.3399732193618
79,49,0.48102767288684845,878.3399732193618
80,0,0.519157284926623,892.5001927325864
80,1,0.2579598641069606,892.5001927325864
80,2,0.4443153982097283,892.5001927325864
80,3,0.35488430701196194,892.5001927325864
80,4,0.5405575224198401,892.5001927325864
80,5,0.36493387138471006,892.5001927325864
80,6,0.273073712317273,892.5001927325864
80,7,0.42542061069514603,892.5001927325864
80,8,0.2747703096270561,892.5001927325864
80,9,0.3549510918371379,892.5001927325864
80,10,0.18465011313557625,892.5001927325864
80,11,0.29735290210694076,892.5001927325864
80,12,0.34696657590568064,892.5001927325864
80,13,0.3276965882815421,892.5001927325864
80,14,0.4416752135846764,892.5001927325864
80,15,0.37444362055510283,892.5001927325864
80,16,0.3413920242805034,892.5001927325864
80,17,0.1994441025517881,892.5001927325864
80,18,0.32552159428596494,892.5001927325864
80,19,0.3109909766353667,892.5001927325864
80,20,0.2737418636586517,892.5001927325864
80,21,0.3632447486370802,892.5001927325864
80,22,0.42675152293406426,892.5001927325864
81,0,0.519157284926623,911.2467494672068
81,1,0.2579598641069606,911.2467494672068
81,2,0.4443153982097283,911.2467494672068
81,3,0.35488430701196194,911.2467494672068
81,4,0.5405575224198401,911.2467494672068
81,5,0.36493387138471006,911.2467494672068
81,6,0.273073712317273,911.2467494672068
81,7,0.42542061069514603,911.2467494672068
81,8,0.2747703096270561,911.2467494672068
81,9,0.3549510918371379,911.2467494672068
81,10,0.18465011313557625,911.2467494672068
81,11,0.29735290210694076,911.2467494672068
81,12,0.34696657590568064,911.2467494672068
81,13,0.3276965882815421,911.2467494672068
81,14,0.4416752135846764,911.2467494672068
81,15,0.37444362055510283,911.2467494672068
81,16,0.3413920242805034,911.2467494672068
81,17,0.1994441025517881,911.2467494672068
81,18,0.32552159428596494,911.2467494672068
81,19,0.3109909766353667,911.2467494672068
81,20,0.2737418636586517,911.2467494672068
81,21,0.3632447486370802,911.2467494672068
81,22,0.42675152293406426,911.2467494672068
81,23,0.34029222538694737,911.2467494672068
81,24,0.32050295412540436,911.2467494672068
81,25,0.4417852568998933,911.2467494672068
81,26,0.4807078716158867,911.2467494672068
81,27,0.2862983552739024,911.2467494672068
81,28,0.24610288970172406,911.2467494672068
81,29,0.2184124007448554,911.2467494672068
81,30,0.2677478513121605,911.2467494672068
81,31,0.22382573336362838,911.2467494672068
81,32,0.17786189042031764,911.2467494672068
81,33,0.2990192377567291,911.2467494672068
81,34,0.3082344056665897,911.2467494672068
81,35,0.3075810322165489,911.2467494672068
81,36,0.30465564399957656,911.2467494672068
81,37,0.31007721900939944,911.2467494672068
81,38,0.3279362468421459,911.2467494672068
81,39,0.3411541177332401,911.2467494672068
81,40,0.3419490373134613,911.2467494672068
81,41,0.3776549369096756,911.2467494672068
81,42,0.37803110361099246,911.2467494672068
81,43,0.41183840900659563,911.2467494672068
81,44,0.40255144268274307,911.2467494672068
81,45,0.44111403465271,911.2467494672068
81,46,0.4315627455711365,911.2467494672068
81,47,0.4614535963535309,911.2467494672068
81,48,0.4838092890381813,911.2467494672068
81,49,0.48102767288684845,911.2467494672068
81,50,0.3009768259525299,911.2467494672068
81,51,0.3021294963359833,911.2467494672068
81,52,0.30965333253145216,911.2467494672068
82,0,0.519157284926623,925.9763475778919
82,1,0.2579598641069606,925.9763475778919
82,2,0.4443153982097283,925.9763475778919
82,3,0.35488430701196194,925.9763475778919
82,4,0.5405575224198401,925.9763475778919
82,5,0.36493387138471006,925.9763475778919
82,6,0.273073712317273,925.9763475778919
82,7,0.42542061069514603,925.9763475778919
82,8,0.2747703096270561,925.9763475778919
82,9,0.3549510918371379,925.9763475778919
82,10,0.18465011313557625,925.9763475778919
82,11,0.29735290210694076,925.9763475778919
82,12,0.34696657590568064,925.9763475778919
82,13,0.3276965882815421,925.9763475778919
82,14,0.4416752135846764,925.9763475778919
82,15,0.37444362055510283,925.9763475778919
82,16,0.3413920242805034,925.9763475778919
82,17,0.1994441025517881,925.9763475778919
82,18,0.32552159428596494,925.9763475778919
82,19,0.3109909766353667,925.9763475778919
82,20,0.2737418636586517,925.9763475778919
82,21,0.3632447486370802,925.9763475778919
82,22,0.42675152293406426,925.9763475778919
82,23,0.34029222538694737,925.9763475778919
82,24,0.32050295412540436,925.9763475778919
83,0,0.519157284926623,941.8982110629761
83,1,0.2579598641069606,941.8982110629761
83,2,0.4443153982097283,941.8982110629761
83,3,0.35488430701196194,941.8982110629761
83,4,0.5405575224198401,941.8982110629761
83,5,0.36493387138471006,941.8982110629761
83,6,0.273073712317273,941.8982110629761
83,7,0.42542061069514603,941.8982110629761
83,8,0.2747703096270561,941.8982110629761
83,9,0.3549510918371379,941.8982110629761
83,10,0.18465011313557625,941.8982110629761
83,11,0.29735290210694076,941.8982110629761
83,12,0.34696657590568064,941.8982110629761
83,13,0.3276965882815421,941.8982110629761
83,14,0.4416752135846764,941.8982110629761
83,15,0.37444362055510283,941.8982110629761
83,16,0.3413920242805034,941.8982110629761
83,17,0.1994441025517881,941.8982110629761
83,18,0.32552159428596494,941.8982110629761
83,19,0.3109909766353667,941.8982110629761
83,20,0.2737418636586517,941.8982110629761
83,21,0.3632447486370802,941.8982110629761
83,22,0.42675152293406426,941.8982110629761
83,23,0.34029222538694737,941.8982110629761
83,24,0.32050295412540436,941.8982110629761
83,25,0.4417852568998933,941.8982110629761
83,26,0.4807078716158867,941.8982110629761
83,27,0.2862983552739024,941.8982110629761
83,28,0.24610288970172406,941.8982110629761
83,29,0.2184124007448554,941.8982110629761
84,0,0.519157284926623,957.3795002431248
84,1,0.2579598641069606,957.3795002431248
84,2,0.4443153982097283,957.3795002431248
84,3,0.35488430701196194,957.3795002431248
84,4,0.5405575224198401,957.3795002431248
84,5,0.36493387138471006,957.3795002431248
84,6,0.273073712317273,957.3795002431248
84,7,0.42542061069514603,957.3795002431248
84,8,0.2747703096270561,957.3795002431248
84,9,0.3549510918371379,957.3795002431248
84,10,0.18465011313557625,957.3795002431248
84,11,0.29735290210694076,957.3795002431248
84,12,0.34696657590568064,957.3795002431248
84,13,0.3276965882815421,957.3795002431248
84,14,0.4416752135846764,957.3795002431248
84,15,0.37444362055510283,957.3795002431248
84,16,0.3413920242805034,957.3795002431248
84,17,0.1994441025517881,957.3795002431248
84,18,0.32552159428596494,957.3795002431248
84,19,0.3109909766353667,957.3795002431248
84,20,0.2737418636586517,957.3795002431248
84,21,0.3632447486370802,957.3795002431248
84,22,0.42675152293406426,957.3795002431248
84,23,0.34029222538694737,957.3795002431248
84,24,0.32050295412540436,957.3795002431248
84,25,0.4417852568998933,957.3795002431248
84,26,0.4807078716158867,957.3795002431248
84,27,0.2862983552739024,957.3795002431248
85,0,0.519157284926623,971.8317087806881
85,1,0.2579598641069606,971.8317087806881
85,2,0.4443153982097283,971.8317087806881
85,3,0.35488430701196194,971.8317087806881
85,4,0.5405575224198401,971.8317087806881
85,5,0.36493387138471006,971.8317087806881
85,6,0.273073712317273,971.8317087806881
85,7,0.42542061069514603,971.8317087806881
85,8,0.2747703096270561,971.8317087806881
85,9,0.3549510918371379,971.8317087806881
85,10,0.18465011313557625,971.8317087806881
85,11,0.29735290210694076,971.8317087806881
85,12,0.34696657590568064,971.8317087806881
85,13,0.3276965882815421,971.8317087806881
85,14,0.4416752135846764,971.8317087806881
85,15,0.37444362055510283,971.8317087806881
85,16,0.3413920242805034,971.8317087806881
85,17,0.1994441025517881,971.8317087806881
85,18,0.32552159428596494,971.8317087806881
85,19,0.3109909766353667,971.8317087806881
85,20,0.2737418636586517,971.8317087806881
85,21,0.3632447486370802,971.8317087806881
85,22,0.42675152293406426,971.8317087806881
85,23,0.34029222538694737,971.8317087806881
86,0,0.519157284926623,990.8107714070161
86,1,0.2579598641069606,990.8107714070161
86,2,0.4443153982097283,990.8107714070161
86,3,0.35488430701196194,990.8107714070161
86,4,0.5405575224198401,990.8107714070161
86,5,0.36493387138471006,990.8107714070161
86,6,0.273073712317273,990.8107714070161
86,7,0.42542061069514603,990.8107714070161
86,8,0.2747703096270561,990.8107714070161
86,9,0.3549510918371379,990.8107714070161
86,10,0.18465011313557625,990.8107714070161
86,11,0.29735290210694076,990.8107714070161
86,12,0.34696657590568064,990.8107714070161
86,13,0.3276965882815421,990.8107714070161
86,14,0.4416752135846764,990.8107714070161
86,15,0.37444362055510283,990.8107714070161
86,16,0.3413920242805034,990.8107714070161
86,17,0.1994441025517881,990.8107714070161
86,18,0.32552159428596494,990.8107714070161
86,19,0.3109909766353667,990.8107714070161
86,20,0.2737418636586517,990.8107714070161
86,21,0.3632447486370802,990.8107714070161
86,22,0.42675152293406426,990.8107714070161
86,23,0.34029222538694737,990.8107714070161
86,24,0.32050295412540436,990.8107714070161
86,25,0.4417852568998933,990.8107714070161
86,26,0.4807078716158867,990.8107714070161
86,27,0.2862983552739024,990.8107714070161
86,28,0.24610288970172406,990.8107714070161
86,29,0.2184124007448554,990.8107714070161
86,30,0.2677478513121605,990.8107714070161
86,31,0.22382573336362838,990.8107714070161
86,32,0.17786189042031764,990.8107714070161
86,33,0.2990192377567291,990.8107714070161
86,34,0.3082344056665897,990.8107714070161
86,35,0.3075810322165489,990.8107714070161
86,36,0.30465564399957656,990.8107714070161
86,37,0.31007721900939944,990.8107714070161
86,38,0.3279362468421459,990.8107714070161
86,39,0.3411541177332401,990.8107714070161
86,40,0.3419490373134613,990.8107714070161
86,41,0.3776549369096756,990.8107714070161
86,42,0.37803110361099246,990.8107714070161
86,43,0.41183840900659563,990.8107714070161
86,44,0.40255144268274307,990.8107714070161
86,45,0.44111403465271,990.8107714070161
86,46,0.4315627455711365,990.8107714070161
86,47,0.4614535963535309,990.8107714070161
86,48,0.4838092890381813,990.8107714070161
86,49,0.48102767288684845,990.8107714070161
86,50,0.3009768259525299,990.8107714070161
86,51,0.3021294963359833,990.8107714070161
86,52,0.30965333253145216,990.8107714070161
86,53,0.31913888424634934,990.8107714070161
86,54,0.3345841833949089,990.8107714070161
86,55,0.34644553184509275,990.8107714070161
86,56,0.36774366199970243,990.8107714070161
87,0,0.519157284926623,1003.26369935631
87,1,0.2579598641069606,1003.26369935631
87,2,0.4443153982097283,1003.26369935631
87,3,0.35488430701196194,1003.26369935631
87,4,0.5405575224198401,1003.26369935631
87,5,0.36493387138471006,1003.26369935631
87,6,0.273073712317273,1003.26369935631
87,7,0.42542061069514603,1003.26369935631
87,8,0.2747703096270561,1003.26369935631
87,9,0.3549510918371379,1003.26369935631
87,10,0.18465011313557625,1003.26369935631
87,11,0.29735290210694076,1003.26369935631
87,12,0.34696657590568064,1003.26369935631
87,13,0.3276965882815421,1003.26369935631
87,14,0.4416752135846764,1003.26369935631
87,15,0.37444362055510283,1003.26369935631
87,16,0.3413920242805034,1003.26369935631
87,17,0.1994441025517881,1003.26369935631
88,0,0.519157284926623,1015.3194129871456
88,1,0.2579598641069606,1015.3194129871456
88,2,0.4443153982097283,1015.3194129871456
88,3,0.35488430701196194,1015.3194129871456
88,4,0.5405575224198401,1015.3194129871456
88,5,0.36493387138471006,1015.3194129871456
88,6,0.273073712317273,1015.3194129871456
88,7,0.42542061069514603,1015.3194129871456
88,8,0.2747703096270561,1015.3194129871456
88,9,0.3549510918371379,1015.3194129871456
88,10,0.18465011313557625,1015.3194129871456
88,11,0.29735290210694076,1015.3194129871456
88,12,0.34696657590568064,1015.3194129871456
88,13,0.3276965882815421,1015.3194129871456
88,14,0.4416752135846764,1015.3194129871456
88,15,0.37444362055510283,1015.3194129871456
88,16,0.3413920242805034,1015.3194129871456
89,0,0.519157284926623,1033.2259338926806
89,1,0.2579598641069606,1033.2259338926806
89,2,0.4443153982097283,1033.2259338926806
89,3,0.35488430701196194,1033.2259338926806
89,4,0.5405575224198401,1033.2259338926806
89,5,0.36493387138471006,1033.2259338926806
89,6,0.273073712317273,1033.2259338926806
89,7,0.42542061069514603,1033.2259338926806
89,8,0.2747703096270561,1033.2259338926806
89,9,0.3549510918371379,1033.2259338926806
89,10,0.18465011313557625,1033.2259338926806
89,11,0.29735290210694076,1033.2259338926806
89,12,0.34696657590568064,1033.2259338926806
89,13,0.3276965882815421,1033.2259338926806
89,14,0.4416752135846764,1033.2259338926806
89,15,0.37444362055510283,1033.2259338926806
89,16,0.3413920242805034,1033.2259338926806
89,17,0.1994441025517881,1033.2259338926806
89,18,0.32552159428596494,1033.2259338926806
89,19,0.3109909766353667,1033.2259338926806
89,20,0.2737418636586517,1033.2259338926806
89,21,0.3632447486370802,1033.2259338926806
89,22,0.42675152293406426,1033.2259338926806
89,23,0.34029222538694737,1033.2259338926806
89,24,0.32050295412540436,1033.2259338926806
89,25,0.4417852568998933,1033.2259338926806
89,26,0.4807078716158867,1033.2259338926806
89,27,0.2862983552739024,1033.2259338926806
89,28,0.24610288970172406,1033.2259338926806
89,29,0.2184124007448554,1033.2259338926806
89,30,0.2677478513121605,1033.2259338926806
89,31,0.22382573336362838,1033.2259338926806
89,32,0.17786189042031764,1033.2259338926806
89,33,0.2990192377567291,1033.2259338926806
89,34,0.3082344056665897,1033.2259338926806
89,35,0.3075810322165489,1033.2259338926806
89,36,0.30465564399957656,1033.2259338926806
89,37,0.31007721900939944,1033.2259338926806
89,38,0.3279362468421459,1033.2259338926806
89,39,0.3411541177332401,1033.2259338926806
89,40,0.3419490373134613,1033.2259338926806
89,41,0.3776549369096756,1033.2259338926806
89,42,0.37803110361099246,1033.2259338926806
90,0,0.519157284926623,1050.2281288117042
90,1,0.2579598641069606,1050.2281288117042
90,2,0.4443153982097283,1050.2281288117042
90,3,0.35488430701196194,1050.2281288117042
90,4,0.5405575224198401,1050.2281288117042
90,5,0.36493387138471006,1050.2281288117042
90,6,0.273073712317273,1050.2281288117042
90,7,0.42542061069514603,1050.2281288117042
90,8,0.2747703096270561,1050.2281288117042
90,9,0.3549510918371379,1050.2281288117042
90,10,0.18465011313557625,1050.2281288117042
90,11,0.29735290210694076,1050.2281288117042
90,12,0.34696657590568064,1050.2281288117042
90,13,0.3276965882815421,1050.2281288117042
90,14,0.4416752135846764,1050.2281288117042
90,15,0.37444362055510283,1050.2281288117042
90,16,0.3413920242805034,1050.2281288117042
90,17,0.1994441025517881,1050.2281288117042
90,18,0.32552159428596494,1050.2281288117042
90,19,0.3109909766353667,1050.2281288117042
90,20,0.2737418636586517,1050.2281288117042
90,21,0.3632447486370802,1050.2281288117042
90,22,0.42675152293406426,1050.2281288117042
90,23,0.34029222538694737,1050.2281288117042
90,24,0.32050295412540436,1050.2281288117042
90,25,0.4417852568998933,1050.2281288117042
90,26,0.4807078716158867,1050.2281288117042
90,27,0.2862983552739024,1050.2281288117042
90,28,0.24610288970172406,1050.2281288117042
90,29,0.2184124007448554,1050.2281288117042
90,30,0.2677478513121605,1050.2281288117042
90,31,0.22382573336362838,1050.2281288117042
90,32,0.17786189042031764,1050.2281288117042
90,33,0.2990192377567291,1050.2281288117042
90,34,0.3082344056665897,1050.2281288117042
90,35,0.3075810322165489,1050.2281288117042
91,0,0.519157284926623,1064.6803373492676
91,1,0.2579598641069606,1064.6803373492676
91,2,0.4443153982097283,1064.6803373492676
91,3,0.35488430701196194,1064.6803373492676
91,4,0.5405575224198401,1064.6803373492676
91,5,0.36493387138471006,1064.6803373492676
91,6,0.273073712317273,1064.6803373492676
91,7,0.42542061069514603,1064.6803373492676
91,8,0.2747703096270561,1064.6803373492676
91,9,0.3549510918371379,1064.6803373492676
91,10,0.18465011313557625,1064.6803373492676
91,11,0.29735290210694076,1064.6803373492676
91,12,0.34696657590568064,1064.6803373492676
91,13,0.3276965882815421,1064.6803373492676
91,14,0.4416752135846764,1064.6803373492676
91,15,0.37444362055510283,1064.6803373492676
91,16,0.3413920242805034,1064.6803373492676
91,17,0.1994441025517881,1064.6803373492676
91,18,0.32552159428596494,1064.6803373492676
91,19,0.3109909766353667,1064.6803373492676
91,20,0.2737418636586517,1064.6803373492676
91,21,0.3632447486370802,1064.6803373492676
91,22,0.42675152293406426,1064.6803373492676
91,23,0.34029222538694737,1064.6803373492676
92,0,0.519157284926623,1081.83242252234
92,1,0.2579598641069606,1081.83242252234
92,2,0.4443153982097283,1081.83242252234
92,3,0.35488430701196194,1081.83242252234
92,4,0.5405575224198401,1081.83242252234
92,5,0.36493387138471006,1081.83242252234
92,6,0.273073712317273,1081.83242252234
92,7,0.42542061069514603,1081.83242252234
92,8,0.2747703096270561,1081.83242252234
92,9,0.3549510918371379,1081.83242252234
92,10,0.18465011313557625,1081.83242252234
92,11,0.29735290210694076,1081.83242252234
92,12,0.34696657590568064,1081.83242252234
92,13,0.3276965882815421,1081.83242252234
92,14,0.4416752135846764,1081.83242252234
92,15,0.37444362055510283,1081.83242252234
92,16,0.3413920242805034,1081.83242252234
92,17,0.1994441025517881,1081.83242252234
92,18,0.32552159428596494,1081.83242252234
92,19,0.3109909766353667,1081.83242252234
92,20,0.2737418636586517,1081.83242252234
92,21,0.3632447486370802,1081.83242252234
92,22,0.42675152293406426,1081.83242252234
92,23,0.34029222538694737,1081.83242252234
92,24,0.32050295412540436,1081.83242252234
92,25,0.4417852568998933,1081.83242252234
92,26,0.4807078716158867,1081.83242252234
92,27,0.2862983552739024,1081.83242252234
92,28,0.24610288970172406,1081.83242252234
92,29,0.2184124007448554,1081.83242252234
92,30,0.2677478513121605,1081.83242252234
92,31,0.22382573336362838,1081.83242252234
92,32,0.17786189042031764,1081.83242252234
92,33,0.2990192377567291,1081.83242252234
92,34,0.3082344056665897,1081.83242252234
92,35,0.3075810322165489,1081.83242252234
92,36,0.30465564399957656,1081.83242252234
93,0,0.519157284926623,1098.5107548425879
93,1,0.2579598641069606,1098.5107548425879
93,2,0.4443153982097283,1098.5107548425879
93,3,0.35488430701196194,1098.5107548425879
93,4,0.5405575224198401,1098.5107548425879
93,5,0.36493387138471006,1098.5107548425879
93,6,0.273073712317273,1098.5107548425879
93,7,0.42542061069514603,1098.5107548425879
93,8,0.2747703096270561,1098.5107548425879
93,9,0.3549510918371379,1098.5107548425879
93,10,0.18465011313557625,1098.5107548425879
93,11,0.29735290210694076,1098.5107548425879
93,12,0.34696657590568064,1098.5107548425879
93,13,0.3276965882815421,1098.5107548425879
93,14,0.4416752135846764,1098.5107548425879
93,15,0.37444362055510283,1098.5107548425879
93,16,0.3413920242805034,1098.5107548425879
93,17,0.1994441025517881,1098.5107548425879
93,18,0.32552159428596494,1098.5107548425879
93,19,0.3109909766353667,1098.5107548425879
93,20,0.2737418636586517,1098.5107548425879
93,21,0.3632447486370802,1098.5107548425879
93,22,0.42675152293406426,1098.5107548425879
93,23,0.34029222538694737,1098.5107548425879
93,24,0.32050295412540436,1098.5107548425879
93,25,0.4417852568998933,1098.5107548425879
93,26,0.4807078716158867,1098.5107548425879
93,27,0.2862983552739024,1098.5107548425879
93,28,0.24610288970172406,1098.5107548425879
93,29,0.2184124007448554,1098.5107548425879
93,30,0.2677478513121605,1098.5107548425879
93,31,0.22382573336362838,1098.5107548425879
93,32,0.17786189042031764,1098.5107548425879
93,33,0.2990192377567291,1098.5107548425879
