0,0,0.08652856441913173,12.830281551829152
0,1,0.11393072844599374,12.830281551829152
0,2,0.1246851435257122,12.830281551829152
0,3,0.1000650038337335,12.830281551829152
0,4,0.11817467933520674,12.830281551829152
0,5,0.1208207487501204,12.830281551829152
0,6,0.1116969905354199,12.830281551829152
0,7,0.11488328760722652,12.830281551829152
0,8,0.0945415827841498,12.830281551829152
0,9,0.10112508220197924,12.830281551829152
0,10,0.08231352082802915,12.830281551829152
0,11,0.09963346843789622,12.830281551829152
0,12,0.0991046911565354,12.830281551829152
0,13,0.11713313988875598,12.830281551829152
0,14,0.12383274766616523,12.830281551829152
0,15,0.08868657031096518,12.830281551829152
0,16,0.08744608383625746,12.830281551829152
0,17,0.12271579372929409,12.830281551829152
0,18,0.11580991432303563,12.830281551829152
1,0,0.08652856441913173,28.073743846722497
1,1,0.11393072844599374,28.073743846722497
1,2,0.1246851435257122,28.073743846722497
1,3,0.1000650038337335,28.073743846722497
1,4,0.11817467933520674,28.073743846722497
1,5,0.1208207487501204,28.073743846722497
1,6,0.1116969905354199,28.073743846722497
1,7,0.11488328760722652,28.073743846722497
1,8,0.0945415827841498,28.073743846722497
1,9,0.10112508220197924,28.073743846722497
1,10,0.08231352082802915,28.073743846722497
1,11,0.09963346843789622,28.073743846722497
1,12,0.0991046911565354,28.073743846722497
1,13,0.11713313988875598,28.073743846722497
1,14,0.12383274766616523,28.073743846722497
1,15,0.08868657031096518,28.073743846722497
1,16,0.08744608383625746,28.073743846722497
1,17,0.12271579372929409,28.073743846722497
1,18,0.11580991432303563,28.073743846722497
1,19,0.1126929367473349,28.073743846722497
1,20,0.08805304699810222,28.073743846722497
1,21,0.11044991847884375,28.073743846722497
1,22,0.10098489471245557,28.073743846722497
1,23,0.11150466091232375,28.073743846722497
1,24,0.11722321706824004,28.073743846722497
1,25,0.09253959749825298,28.073743846722497
1,26,0.11121731609804555,28.073743846722497
0,0,-0.012362910519495927,14.993118205150889
0,1,-0.00848962675932853,14.993118205150889
0,2,-0.006831614662733045,14.993118205150889
0,3,-0.008180112511618064,14.993118205150889
0,4,-0.010799614970601397,14.993118205150889
0,5,-0.00875674099312164,14.993118205150889
0,6,-0.00853963017987553,14.993118205150889
0,7,-0.011358909546979703,14.993118205150889
0,8,-0.00947488953199354,14.993118205150889
0,9,-0.00977505475966609,14.993118205150889
0,10,-0.007364552625658689,14.993118205150889
0,11,-0.007024627238570247,14.993118205150889
0,12,-0.009476697186473758,14.993118205150889
0,13,-0.0010991528211161494,14.993118205150889
0,14,-0.0020331813925440656,14.993118205150889
0,15,-0.009727045666077174,14.993118205150889
0,16,-0.014118746099993586,14.993118205150889
0,17,-0.004547917383897584,14.993118205150889
0,18,-0.0036507757467916235,14.993118205150889
0,19,-0.005478288496378809,14.993118205150889
0,20,-0.0010911534899787512,14.993118205150889
0,21,-0.0008281051699304953,14.993118205150889
0,22,-0.003731605942521128,14.993118205150889
0,23,-0.008577628697589717,14.993118205150889
0,24,-0.00920426901895553,14.993118205150889
0,25,0.001246230979450047,14.993118205150889
1,0,-0.012362910519495927,34.02322770016241
1,1,-0.00848962675932853,34.02322770016241
1,2,-0.006831614662733045,34.02322770016241
1,3,-0.008180112511618064,34.02322770016241
1,4,-0.010799614970601397,34.02322770016241
1,5,-0.00875674099312164,34.02322770016241
1,6,-0.00853963017987553,34.02322770016241
1,7,-0.011358909546979703,34.02322770016241
1,8,-0.00947488953199354,34.02322770016241
1,9,-0.00977505475966609,34.02322770016241
1,10,-0.007364552625658689,34.02322770016241
1,11,-0.007024627238570247,34.02322770016241
1,12,-0.009476697186473758,34.02322770016241
1,13,-0.0010991528211161494,34.02322770016241
1,14,-0.0020331813925440656,34.02322770016241
1,15,-0.009727045666077174,34.02322770016241
1,16,-0.014118746099993586,34.02322770016241
1,17,-0.004547917383897584,34.02322770016241
1,18,-0.0036507757467916235,34.02322770016241
1,19,-0.005478288496378809,34.02322770016241
1,20,-0.0010911534899787512,34.02322770016241
1,21,-0.0008281051699304953,34.02322770016241
1,22,-0.003731605942521128,34.02322770016241
1,23,-0.008577628697589717,34.02322770016241
1,24,-0.00920426901895553,34.02322770016241
1,25,0.001246230979450047,34.02322770016241
1,26,0.006154829014558345,34.02322770016241
1,27,0.004275234043598175,34.02322770016241
1,28,0.006693680519238115,34.02322770016241
1,29,0.02438863447867334,34.02322770016241
1,30,0.02718443830963224,34.02322770016241
1,31,0.019703371934592723,34.02322770016241
1,32,0.01659770291764289,34.02322770016241
1,33,0.019407134037464857,34.02322770016241
1,34,0.023763986704871058,34.02322770016241
1,35,0.05708113424479962,34.02322770016241
1,36,0.02130340793170035,34.02322770016241
1,37,0.04381871499121189,34.02322770016241
1,38,0.03881629684008658,34.02322770016241
1,39,0.03153750952333212,34.02322770016241
1,40,0.05618849191814661,34.02322770016241
1,41,0.08200292643159628,34.02322770016241
1,42,0.08421300411224365,34.02322770016241
1,43,0.0819369251281023,34.02322770016241
1,44,0.09739330403506756,34.02322770016241
1,45,0.08871723152697086,34.02322770016241
1,46,0.09008584469556809,34.02322770016241
1,47,0.09659870073199273,34.02322770016241
1,48,0.1055086150765419,34.02322770016241
1,49,0.11440389513969422,34.02322770016241
1,50,0.19229237020015716,34.02322770016241
1,51,0.19476884886622428,34.02322770016241
1,52,0.20605418294668199,34.02322770016241
1,53,0.2133645987510681,34.02322770016241
1,54,0.21625644251704215,34.02322770016241
1,55,0.22733566418290138,34.02322770016241
1,56,0.2418705317378044,34.02322770016241
1,57,0.24244817703962326,34.02322770016241
2,0,-0.012362910519495927,52.03442256042055
2,1,-0.00848962675932853,52.03442256042055
2,2,-0.006831614662733045,52.03442256042055
2,3,-0.008180112511618064,52.03442256042055
2,4,-0.010799614970601397,52.03442256042055
2,5,-0.00875674099312164,52.03442256042055
2,6,-0.00853963017987553,52.03442256042055
2,7,-0.011358909546979703,52.03442256042055
2,8,-0.00947488953199354,52.03442256042055
2,9,-0.00977505475966609,52.03442256042055
2,10,-0.007364552625658689,52.03442256042055
2,11,-0.007024627238570247,52.03442256042055
2,12,-0.009476697186473758,52.03442256042055
2,13,-0.0010991528211161494,52.03442256042055
2,14,-0.0020331813925440656,52.03442256042055
2,15,-0.009727045666077174,52.03442256042055
2,16,-0.014118746099993586,52.03442256042055
2,17,-0.004547917383897584,52.03442256042055
2,18,-0.0036507757467916235,52.03442256042055
2,19,-0.005478288496378809,52.03442256042055
2,20,-0.0010911534899787512,52.03442256042055
2,21,-0.0008281051699304953,52.03442256042055
2,22,-0.003731605942521128,52.03442256042055
2,23,-0.008577628697589717,52.03442256042055
2,24,-0.00920426901895553,52.03442256042055
2,25,0.001246230979450047,52.03442256042055
2,26,0.006154829014558345,52.03442256042055
2,27,0.004275234043598175,52.03442256042055
2,28,0.006693680519238115,52.03442256042055
2,29,0.02438863447867334,52.03442256042055
2,30,0.02718443830963224,52.03442256042055
2,31,0.019703371934592723,52.03442256042055
2,32,0.01659770291764289,52.03442256042055
2,33,0.019407134037464857,52.03442256042055
2,34,0.023763986704871058,52.03442256042055
2,35,0.05708113424479962,52.03442256042055
2,36,0.02130340793170035,52.03442256042055
2,37,0.04381871499121189,52.03442256042055
2,38,0.03881629684008658,52.03442256042055
2,39,0.03153750952333212,52.03442256042055
2,40,0.05618849191814661,52.03442256042055
2,41,0.08200292643159628,52.03442256042055
2,42,0.08421300411224365,52.03442256042055
2,43,0.0819369251281023,52.03442256042055
3,0,-0.012362910519495927,60.65842071489135
3,1,-0.00848962675932853,60.65842071489135
3,2,-0.006831614662733045,60.65842071489135
3,3,-0.008180112511618064,60.65842071489135
3,4,-0.010799614970601397,60.65842071489135
3,5,-0.00875674099312164,60.65842071489135
3,6,-0.00853963017987553,60.65842071489135
3,7,-0.011358909546979703,60.65842071489135
3,8,-0.00947488953199354,60.65842071489135
3,9,-0.00977505475966609,60.65842071489135
4,0,-0.012362910519495927,70.39157904930124
4,1,-0.00848962675932853,70.39157904930124
4,2,-0.006831614662733045,70.39157904930124
4,3,-0.008180112511618064,70.39157904930124
4,4,-0.010799614970601397,70.39157904930124
4,5,-0.00875674099312164,70.39157904930124
4,6,-0.00853963017987553,70.39157904930124
4,7,-0.011358909546979703,70.39157904930124
4,8,-0.00947488953199354,70.39157904930124
4,9,-0.00977505475966609,70.39157904930124
4,10,-0.007364552625658689,70.39157904930124
4,11,-0.007024627238570247,70.39157904930124
5,0,-0.012362910519495927,78.41684026453366
5,1,-0.00848962675932853,78.41684026453366
5,2,-0.006831614662733045,78.41684026453366
5,3,-0.008180112511618064,78.41684026453366
5,4,-0.010799614970601397,78.41684026453366
5,5,-0.00875674099312164,78.41684026453366
5,6,-0.00853963017987553,78.41684026453366
5,7,-0.011358909546979703,78.41684026453366
5,8,-0.00947488953199354,78.41684026453366
6,0,-0.012362910519495927,88.66334068222307
6,1,-0.00848962675932853,88.66334068222307
6,2,-0.006831614662733045,88.66334068222307
6,3,-0.008180112511618064,88.66334068222307
6,4,-0.010799614970601397,88.66334068222307
6,5,-0.00875674099312164,88.66334068222307
6,6,-0.00853963017987553,88.66334068222307
6,7,-0.011358909546979703,88.66334068222307
6,8,-0.00947488953199354,88.66334068222307
6,9,-0.00977505475966609,88.66334068222307
6,10,-0.007364552625658689,88.66334068222307
6,11,-0.007024627238570247,88.66334068222307
6,12,-0.009476697186473758,88.66334068222307
7,0,-0.012362910519495927,97.28733883669386
7,1,-0.00848962675932853,97.28733883669386
7,2,-0.006831614662733045,97.28733883669386
7,3,-0.008180112511618064,97.28733883669386
7,4,-0.010799614970601397,97.28733883669386
7,5,-0.00875674099312164,97.28733883669386
7,6,-0.00853963017987553,97.28733883669386
7,7,-0.011358909546979703,97.28733883669386
7,8,-0.00947488953199354,97.28733883669386
7,9,-0.00977505475966609,97.28733883669386
8,0,-0.012362910519495927,107.02049717110376
8,1,-0.00848962675932853,107.02049717110376
8,2,-0.006831614662733045,107.02049717110376
8,3,-0.008180112511618064,107.02049717110376
8,4,-0.010799614970601397,107.02049717110376
8,5,-0.00875674099312164,107.02049717110376
8,6,-0.00853963017987553,107.02049717110376
8,7,-0.011358909546979703,107.02049717110376
8,8,-0.00947488953199354,107.02049717110376
8,9,-0.00977505475966609,107.02049717110376
8,10,-0.007364552625658689,107.02049717110376
8,11,-0.007024627238570247,107.02049717110376
9,0,-0.012362910519495927,114.41550897661156
9,1,-0.00848962675932853,114.41550897661156
9,2,-0.006831614662733045,114.41550897661156
9,3,-0.008180112511618064,114.41550897661156
9,4,-0.010799614970601397,114.41550897661156
9,5,-0.00875674099312164,114.41550897661156
9,6,-0.00853963017987553,114.41550897661156
9,7,-0.011358909546979703,114.41550897661156
10,0,-0.012362910519495927,124.14866731102146
10,1,-0.00848962675932853,124.14866731102146
10,2,-0.006831614662733045,124.14866731102146
10,3,-0.008180112511618064,124.14866731102146
10,4,-0.010799614970601397,124.14866731102146
10,5,-0.00875674099312164,124.14866731102146
10,6,-0.00853963017987553,124.14866731102146
10,7,-0.011358909546979703,124.14866731102146
10,8,-0.00947488953199354,124.14866731102146
10,9,-0.00977505475966609,124.14866731102146
10,10,-0.007364552625658689,124.14866731102146
10,11,-0.007024627238570247,124.14866731102146
11,0,-0.012362910519495927,133.34146555776871
11,1,-0.00848962675932853,133.34146555776871
11,2,-0.006831614662733045,133.34146555776871
11,3,-0.008180112511618064,133.34146555776871
11,4,-0.010799614970601397,133.34146555776871
11,5,-0.00875674099312164,133.34146555776871
11,6,-0.00853963017987553,133.34146555776871
11,7,-0.011358909546979703,133.34146555776871
11,8,-0.00947488953199354,133.34146555776871
11,9,-0.00977505475966609,133.34146555776871
11,10,-0.007364552625658689,133.34146555776871
12,0,-0.012362910519495927,140.07305693198745
12,1,-0.00848962675932853,140.07305693198745
12,2,-0.006831614662733045,140.07305693198745
12,3,-0.008180112511618064,140.07305693198745
12,4,-0.010799614970601397,140.07305693198745
12,5,-0.00875674099312164,140.07305693198745
12,6,-0.00853963017987553,140.07305693198745
13,0,-0.012362910519495927,146.8046483062062
13,1,-0.00848962675932853,146.8046483062062
13,2,-0.006831614662733045,146.8046483062062
13,3,-0.008180112511618064,146.8046483062062
13,4,-0.010799614970601397,146.8046483062062
13,5,-0.00875674099312164,146.8046483062062
13,6,-0.00853963017987553,146.8046483062062
14,0,-0.012362910519495927,156.53780664061608
14,1,-0.00848962675932853,156.53780664061608
14,2,-0.006831614662733045,156.53780664061608
14,3,-0.008180112511618064,156.53780664061608
14,4,-0.010799614970601397,156.53780664061608
14,5,-0.00875674099312164,156.53780664061608
14,6,-0.00853963017987553,156.53780664061608
14,7,-0.011358909546979703,156.53780664061608
14,8,-0.00947488953199354,156.53780664061608
14,9,-0.00977505475966609,156.53780664061608
14,10,-0.007364552625658689,156.53780664061608
14,11,-0.007024627238570247,156.53780664061608
15,0,-0.012362910519495927,165.73060488736334
15,1,-0.00848962675932853,165.73060488736334
15,2,-0.006831614662733045,165.73060488736334
15,3,-0.008180112511618064,165.73060488736334
15,4,-0.010799614970601397,165.73060488736334
15,5,-0.00875674099312164,165.73060488736334
15,6,-0.00853963017987553,165.73060488736334
15,7,-0.011358909546979703,165.73060488736334
15,8,-0.00947488953199354,165.73060488736334
15,9,-0.00977505475966609,165.73060488736334
15,10,-0.007364552625658689,165.73060488736334
16,0,-0.012362910519495927,173.75586610259577
16,1,-0.00848962675932853,173.75586610259577
16,2,-0.006831614662733045,173.75586610259577
16,3,-0.008180112511618064,173.75586610259577
16,4,-0.010799614970601397,173.75586610259577
16,5,-0.00875674099312164,173.75586610259577
16,6,-0.00853963017987553,173.75586610259577
16,7,-0.011358909546979703,173.75586610259577
16,8,-0.00947488953199354,173.75586610259577
17,0,-0.012362910519495927,182.37986425706657
17,1,-0.00848962675932853,182.37986425706657
17,2,-0.006831614662733045,182.37986425706657
17,3,-0.008180112511618064,182.37986425706657
17,4,-0.010799614970601397,182.37986425706657
17,5,-0.00875674099312164,182.37986425706657
17,6,-0.00853963017987553,182.37986425706657
17,7,-0.011358909546979703,182.37986425706657
17,8,-0.00947488953199354,182.37986425706657
17,9,-0.00977505475966609,182.37986425706657
18,0,-0.012362910519495927,190.405125472299
18,1,-0.00848962675932853,190.405125472299
18,2,-0.006831614662733045,190.405125472299
18,3,-0.008180112511618064,190.405125472299
18,4,-0.010799614970601397,190.405125472299
18,5,-0.00875674099312164,190.405125472299
18,6,-0.00853963017987553,190.405125472299
18,7,-0.011358909546979703,190.405125472299
18,8,-0.00947488953199354,190.405125472299
19,0,-0.012362910519495927,200.1382838067089
19,1,-0.00848962675932853,200.1382838067089
19,2,-0.006831614662733045,200.1382838067089
19,3,-0.008180112511618064,200.1382838067089
19,4,-0.010799614970601397,200.1382838067089
19,5,-0.00875674099312164,200.1382838067089
19,6,-0.00853963017987553,200.1382838067089
19,7,-0.011358909546979703,200.1382838067089
19,8,-0.00947488953199354,200.1382838067089
19,9,-0.00977505475966609,200.1382838067089
19,10,-0.007364552625658689,200.1382838067089
19,11,-0.007024627238570247,200.1382838067089
20,0,-0.012362910519495927,209.33108205345616
20,1,-0.00848962675932853,209.33108205345616
20,2,-0.006831614662733045,209.33108205345616
20,3,-0.008180112511618064,209.33108205345616
20,4,-0.010799614970601397,209.33108205345616
20,5,-0.00875674099312164,209.33108205345616
20,6,-0.00853963017987553,209.33108205345616
20,7,-0.011358909546979703,209.33108205345616
20,8,-0.00947488953199354,209.33108205345616
20,9,-0.00977505475966609,209.33108205345616
20,10,-0.007364552625658689,209.33108205345616
21,0,-0.012362910519495927,216.72609385896396
21,1,-0.00848962675932853,216.72609385896396
21,2,-0.006831614662733045,216.72609385896396
21,3,-0.008180112511618064,216.72609385896396
21,4,-0.010799614970601397,216.72609385896396
21,5,-0.00875674099312164,216.72609385896396
21,6,-0.00853963017987553,216.72609385896396
21,7,-0.011358909546979703,216.72609385896396
22,0,-0.012362910519495927,224.12110566447177
22,1,-0.00848962675932853,224.12110566447177
22,2,-0.006831614662733045,224.12110566447177
22,3,-0.008180112511618064,224.12110566447177
22,4,-0.010799614970601397,224.12110566447177
22,5,-0.00875674099312164,224.12110566447177
22,6,-0.00853963017987553,224.12110566447177
22,7,-0.011358909546979703,224.12110566447177
23,0,-0.012362910519495927,230.8526970386905
23,1,-0.00848962675932853,230.8526970386905
23,2,-0.006831614662733045,230.8526970386905
23,3,-0.008180112511618064,230.8526970386905
23,4,-0.010799614970601397,230.8526970386905
23,5,-0.00875674099312164,230.8526970386905
23,6,-0.00853963017987553,230.8526970386905
24,0,-0.012362910519495927,238.2477088441983
24,1,-0.00848962675932853,238.2477088441983
24,2,-0.006831614662733045,238.2477088441983
24,3,-0.008180112511618064,238.2477088441983
24,4,-0.010799614970601397,238.2477088441983
24,5,-0.00875674099312164,238.2477088441983
24,6,-0.00853963017987553,238.2477088441983
24,7,-0.011358909546979703,238.2477088441983
25,0,-0.012362910519495927,246.27297005943075
25,1,-0.00848962675932853,246.27297005943075
25,2,-0.006831614662733045,246.27297005943075
25,3,-0.008180112511618064,246.27297005943075
25,4,-0.010799614970601397,246.27297005943075
25,5,-0.00875674099312164,246.27297005943075
25,6,-0.00853963017987553,246.27297005943075
25,7,-0.011358909546979703,246.27297005943075
25,8,-0.00947488953199354,246.27297005943075
26,0,-0.012362910519495927,253.66798186493855
26,1,-0.00848962675932853,253.66798186493855
26,2,-0.006831614662733045,253.66798186493855
26,3,-0.008180112511618064,253.66798186493855
26,4,-0.010799614970601397,253.66798186493855
26,5,-0.00875674099312164,253.66798186493855
26,6,-0.00853963017987553,253.66798186493855
26,7,-0.011358909546979703,253.66798186493855
27,0,-0.012362910519495927,264.40215726174347
27,1,-0.00848962675932853,264.40215726174347
27,2,-0.006831614662733045,264.40215726174347
27,3,-0.008180112511618064,264.40215726174347
27,4,-0.010799614970601397,264.40215726174347
27,5,-0.00875674099312164,264.40215726174347
27,6,-0.00853963017987553,264.40215726174347
27,7,-0.011358909546979703,264.40215726174347
27,8,-0.00947488953199354,264.40215726174347
27,9,-0.00977505475966609,264.40215726174347
27,10,-0.007364552625658689,264.40215726174347
27,11,-0.007024627238570247,264.40215726174347
27,12,-0.009476697186473758,264.40215726174347
27,13,-0.0010991528211161494,264.40215726174347
28,0,-0.012362910519495927,274.13531559615336
28,1,-0.00848962675932853,274.13531559615336
28,2,-0.006831614662733045,274.13531559615336
28,3,-0.008180112511618064,274.13531559615336
28,4,-0.010799614970601397,274.13531559615336
28,5,-0.00875674099312164,274.13531559615336
28,6,-0.00853963017987553,274.13531559615336
28,7,-0.011358909546979703,274.13531559615336
28,8,-0.00947488953199354,274.13531559615336
28,9,-0.00977505475966609,274.13531559615336
28,10,-0.007364552625658689,274.13531559615336
28,11,-0.007024627238570247,274.13531559615336
29,0,-0.012362910519495927,281.53032740166117
29,1,-0.00848962675932853,281.53032740166117
29,2,-0.006831614662733045,281.53032740166117
29,3,-0.008180112511618064,281.53032740166117
29,4,-0.010799614970601397,281.53032740166117
29,5,-0.00875674099312164,281.53032740166117
29,6,-0.00853963017987553,281.53032740166117
29,7,-0.011358909546979703,281.53032740166117
30,0,-0.012362910519495927,288.925339207169
30,1,-0.00848962675932853,288.925339207169
30,2,-0.006831614662733045,288.925339207169
30,3,-0.008180112511618064,288.925339207169
30,4,-0.010799614970601397,288.925339207169
30,5,-0.00875674099312164,288.925339207169
30,6,-0.00853963017987553,288.925339207169
30,7,-0.011358909546979703,288.925339207169
31,0,-0.012362910519495927,297.5493373616398
31,1,-0.00848962675932853,297.5493373616398
31,2,-0.006831614662733045,297.5493373616398
31,3,-0.008180112511618064,297.5493373616398
31,4,-0.010799614970601397,297.5493373616398
31,5,-0.00875674099312164,297.5493373616398
31,6,-0.00853963017987553,297.5493373616398
31,7,-0.011358909546979703,297.5493373616398
31,8,-0.00947488953199354,297.5493373616398
31,9,-0.00977505475966609,297.5493373616398
32,0,-0.012362910519495927,306.1733355161106
32,1,-0.00848962675932853,306.1733355161106
32,2,-0.006831614662733045,306.1733355161106
32,3,-0.008180112511618064,306.1733355161106
32,4,-0.010799614970601397,306.1733355161106
32,5,-0.00875674099312164,306.1733355161106
32,6,-0.00853963017987553,306.1733355161106
32,7,-0.011358909546979703,306.1733355161106
32,8,-0.00947488953199354,306.1733355161106
32,9,-0.00977505475966609,306.1733355161106
33,0,-0.012362910519495927,313.56834732161843
33,1,-0.00848962675932853,313.56834732161843
33,2,-0.006831614662733045,313.56834732161843
33,3,-0.008180112511618064,313.56834732161843
33,4,-0.010799614970601397,313.56834732161843
33,5,-0.00875674099312164,313.56834732161843
33,6,-0.00853963017987553,313.56834732161843
33,7,-0.011358909546979703,313.56834732161843
34,0,-0.012362910519495927,321.59360853685087
34,1,-0.00848962675932853,321.59360853685087
34,2,-0.006831614662733045,321.59360853685087
34,3,-0.008180112511618064,321.59360853685087
34,4,-0.010799614970601397,321.59360853685087
34,5,-0.00875674099312164,321.59360853685087
34,6,-0.00853963017987553,321.59360853685087
34,7,-0.011358909546979703,321.59360853685087
34,8,-0.00947488953199354,321.59360853685087
35,0,-0.012362910519495927,330.2176066913217
35,1,-0.00848962675932853,330.2176066913217
35,2,-0.006831614662733045,330.2176066913217
35,3,-0.008180112511618064,330.2176066913217
35,4,-0.010799614970601397,330.2176066913217
35,5,-0.00875674099312164,330.2176066913217
35,6,-0.00853963017987553,330.2176066913217
35,7,-0.011358909546979703,330.2176066913217
35,8,-0.00947488953199354,330.2176066913217
35,9,-0.00977505475966609,330.2176066913217
36,0,-0.012362910519495927,338.2428679065541
36,1,-0.00848962675932853,338.2428679065541
36,2,-0.006831614662733045,338.2428679065541
36,3,-0.008180112511618064,338.2428679065541
36,4,-0.010799614970601397,338.2428679065541
36,5,-0.00875674099312164,338.2428679065541
36,6,-0.00853963017987553,338.2428679065541
36,7,-0.011358909546979703,338.2428679065541
36,8,-0.00947488953199354,338.2428679065541
37,0,-0.012362910519495927,346.26812912178656
37,1,-0.00848962675932853,346.26812912178656
37,2,-0.006831614662733045,346.26812912178656
37,3,-0.008180112511618064,346.26812912178656
37,4,-0.010799614970601397,346.26812912178656
37,5,-0.00875674099312164,346.26812912178656
37,6,-0.00853963017987553,346.26812912178656
37,7,-0.011358909546979703,346.26812912178656
37,8,-0.00947488953199354,346.26812912178656
38,0,-0.012362910519495927,355.4609273685338
38,1,-0.00848962675932853,355.4609273685338
38,2,-0.006831614662733045,355.4609273685338
38,3,-0.008180112511618064,355.4609273685338
38,4,-0.010799614970601397,355.4609273685338
38,5,-0.00875674099312164,355.4609273685338
38,6,-0.00853963017987553,355.4609273685338
38,7,-0.011358909546979703,355.4609273685338
38,8,-0.00947488953199354,355.4609273685338
38,9,-0.00977505475966609,355.4609273685338
38,10,-0.007364552625658689,355.4609273685338
39,0,-0.012362910519495927,363.48618858376625
39,1,-0.00848962675932853,363.48618858376625
39,2,-0.006831614662733045,363.48618858376625
39,3,-0.008180112511618064,363.48618858376625
39,4,-0.010799614970601397,363.48618858376625
39,5,-0.00875674099312164,363.48618858376625
39,6,-0.00853963017987553,363.48618858376625
39,7,-0.011358909546979703,363.48618858376625
39,8,-0.00947488953199354,363.48618858376625
40,0,-0.012362910519495927,373.73268900145564
40,1,-0.00848962675932853,373.73268900145564
40,2,-0.006831614662733045,373.73268900145564
40,3,-0.008180112511618064,373.73268900145564
40,4,-0.010799614970601397,373.73268900145564
40,5,-0.00875674099312164,373.73268900145564
40,6,-0.00853963017987553,373.73268900145564
40,7,-0.011358909546979703,373.73268900145564
40,8,-0.00947488953199354,373.73268900145564
40,9,-0.00977505475966609,373.73268900145564
40,10,-0.007364552625658689,373.73268900145564
40,11,-0.007024627238570247,373.73268900145564
40,12,-0.009476697186473758,373.73268900145564
41,0,-0.012362910519495927,388.18489753901895
41,1,-0.00848962675932853,388.18489753901895
41,2,-0.006831614662733045,388.18489753901895
41,3,-0.008180112511618064,388.18489753901895
41,4,-0.010799614970601397,388.18489753901895
41,5,-0.00875674099312164,388.18489753901895
41,6,-0.00853963017987553,388.18489753901895
41,7,-0.011358909546979703,388.18489753901895
41,8,-0.00947488953199354,388.18489753901895
41,9,-0.00977505475966609,388.18489753901895
41,10,-0.007364552625658689,388.18489753901895
41,11,-0.007024627238570247,388.18489753901895
41,12,-0.009476697186473758,388.18489753901895
41,13,-0.0010991528211161494,388.18489753901895
41,14,-0.0020331813925440656,388.18489753901895
41,15,-0.009727045666077174,388.18489753901895
41,16,-0.014118746099993586,388.18489753901895
41,17,-0.004547917383897584,388.18489753901895
41,18,-0.0036507757467916235,388.18489753901895
41,19,-0.005478288496378809,388.18489753901895
41,20,-0.0010911534899787512,388.18489753901895
41,21,-0.0008281051699304953,388.18489753901895
41,22,-0.003731605942521128,388.18489753901895
41,23,-0.008577628697589717,388.18489753901895
42,0,-0.012362910519495927,401.0151790908481
42,1,-0.00848962675932853,401.0151790908481
42,2,-0.006831614662733045,401.0151790908481
42,3,-0.008180112511618064,401.0151790908481
42,4,-0.010799614970601397,401.0151790908481
42,5,-0.00875674099312164,401.0151790908481
42,6,-0.00853963017987553,401.0151790908481
42,7,-0.011358909546979703,401.0151790908481
42,8,-0.00947488953199354,401.0151790908481
42,9,-0.00977505475966609,401.0151790908481
42,10,-0.007364552625658689,401.0151790908481
42,11,-0.007024627238570247,401.0151790908481
42,12,-0.009476697186473758,401.0151790908481
42,13,-0.0010991528211161494,401.0151790908481
42,14,-0.0020331813925440656,401.0151790908481
42,15,-0.009727045666077174,401.0151790908481
42,16,-0.014118746099993586,401.0151790908481
42,17,-0.004547917383897584,401.0151790908481
42,18,-0.0036507757467916235,401.0151790908481
43,0,-0.012362910519495927,416.008297295999
43,1,-0.00848962675932853,416.008297295999
43,2,-0.006831614662733045,416.008297295999
43,3,-0.008180112511618064,416.008297295999
43,4,-0.010799614970601397,416.008297295999
43,5,-0.00875674099312164,416.008297295999
43,6,-0.00853963017987553,416.008297295999
43,7,-0.011358909546979703,416.008297295999
43,8,-0.00947488953199354,416.008297295999
43,9,-0.00977505475966609,416.008297295999
43,10,-0.007364552625658689,416.008297295999
43,11,-0.007024627238570247,416.008297295999
43,12,-0.009476697186473758,416.008297295999
43,13,-0.0010991528211161494,416.008297295999
43,14,-0.0020331813925440656,416.008297295999
43,15,-0.009727045666077174,416.008297295999
43,16,-0.014118746099993586,416.008297295999
43,17,-0.004547917383897584,416.008297295999
43,18,-0.0036507757467916235,416.008297295999
43,19,-0.005478288496378809,416.008297295999
43,20,-0.0010911534899787512,416.008297295999
43,21,-0.0008281051699304953,416.008297295999
43,22,-0.003731605942521128,416.008297295999
43,23,-0.008577628697589717,416.008297295999
43,24,-0.00920426901895553,416.008297295999
43,25,0.001246230979450047,416.008297295999
44,0,-0.012362910519495927,427.64589059161545
44,1,-0.00848962675932853,427.64589059161545
44,2,-0.006831614662733045,427.64589059161545
44,3,-0.008180112511618064,427.64589059161545
44,4,-0.010799614970601397,427.64589059161545
44,5,-0.00875674099312164,427.64589059161545
44,6,-0.00853963017987553,427.64589059161545
44,7,-0.011358909546979703,427.64589059161545
44,8,-0.00947488953199354,427.64589059161545
44,9,-0.00977505475966609,427.64589059161545
44,10,-0.007364552625658689,427.64589059161545
44,11,-0.007024627238570247,427.64589059161545
44,12,-0.009476697186473758,427.64589059161545
44,13,-0.0010991528211161494,427.64589059161545
44,14,-0.0020331813925440656,427.64589059161545
44,15,-0.009727045666077174,427.64589059161545
45,0,-0.012362910519495927,444.94037150603435
45,1,-0.00848962675932853,444.94037150603435
45,2,-0.006831614662733045,444.94037150603435
45,3,-0.008180112511618064,444.94037150603435
45,4,-0.010799614970601397,444.94037150603435
45,5,-0.00875674099312164,444.94037150603435
45,6,-0.00853963017987553,444.94037150603435
45,7,-0.011358909546979703,444.94037150603435
45,8,-0.00947488953199354,444.94037150603435
45,9,-0.00977505475966609,444.94037150603435
45,10,-0.007364552625658689,444.94037150603435
45,11,-0.007024627238570247,444.94037150603435
45,12,-0.009476697186473758,444.94037150603435
45,13,-0.0010991528211161494,444.94037150603435
45,14,-0.0020331813925440656,444.94037150603435
45,15,-0.009727045666077174,444.94037150603435
45,16,-0.014118746099993586,444.94037150603435
45,17,-0.004547917383897584,444.94037150603435
45,18,-0.0036507757467916235,444.94037150603435
45,19,-0.005478288496378809,444.94037150603435
45,20,-0.0010911534899787512,444.94037150603435
45,21,-0.0008281051699304953,444.94037150603435
45,22,-0.003731605942521128,444.94037150603435
45,23,-0.008577628697589717,444.94037150603435
45,24,-0.00920426901895553,444.94037150603435
45,25,0.001246230979450047,444.94037150603435
45,26,0.006154829014558345,444.94037150603435
45,27,0.004275234043598175,444.94037150603435
45,28,0.006693680519238115,444.94037150603435
45,29,0.02438863447867334,444.94037150603435
45,30,0.02718443830963224,444.94037150603435
45,31,0.019703371934592723,444.94037150603435
45,32,0.01659770291764289,444.94037150603435
45,33,0.019407134037464857,444.94037150603435
45,34,0.023763986704871058,444.94037150603435
45,35,0.05708113424479962,444.94037150603435
45,36,0.02130340793170035,444.94037150603435
45,37,0.04381871499121189,444.94037150603435
46,0,-0.012362910519495927,462.4986405312974
46,1,-0.00848962675932853,462.4986405312974
46,2,-0.006831614662733045,462.4986405312974
46,3,-0.008180112511618064,462.4986405312974
46,4,-0.010799614970601397,462.4986405312974
46,5,-0.00875674099312164,462.4986405312974
46,6,-0.00853963017987553,462.4986405312974
46,7,-0.011358909546979703,462.4986405312974
46,8,-0.00947488953199354,462.4986405312974
46,9,-0.00977505475966609,462.4986405312974
46,10,-0.007364552625658689,462.4986405312974
46,11,-0.007024627238570247,462.4986405312974
46,12,-0.009476697186473758,462.4986405312974
46,13,-0.0010991528211161494,462.4986405312974
46,14,-0.0020331813925440656,462.4986405312974
46,15,-0.009727045666077174,462.4986405312974
46,16,-0.014118746099993586,462.4986405312974
46,17,-0.004547917383897584,462.4986405312974
46,18,-0.0036507757467916235,462.4986405312974
46,19,-0.005478288496378809,462.4986405312974
46,20,-0.0010911534899787512,462.4986405312974
46,21,-0.0008281051699304953,462.4986405312974
46,22,-0.003731605942521128,462.4986405312974
46,23,-0.008577628697589717,462.4986405312974
46,24,-0.00920426901895553,462.4986405312974
46,25,0.001246230979450047,462.4986405312974
46,26,0.006154829014558345,462.4986405312974
46,27,0.004275234043598175,462.4986405312974
46,28,0.006693680519238115,462.4986405312974
46,29,0.02438863447867334,462.4986405312974
46,30,0.02718443830963224,462.4986405312974
46,31,0.019703371934592723,462.4986405312974
46,32,0.01659770291764289,462.4986405312974
46,33,0.019407134037464857,462.4986405312974
46,34,0.023763986704871058,462.4986405312974
46,35,0.05708113424479962,462.4986405312974
46,36,0.02130340793170035,462.4986405312974
46,37,0.04381871499121189,462.4986405312974
46,38,0.03881629684008658,462.4986405312974
46,39,0.03153750952333212,462.4986405312974
47,0,-0.012362910519495927,478.4205040163816
47,1,-0.00848962675932853,478.4205040163816
47,2,-0.006831614662733045,478.4205040163816
47,3,-0.008180112511618064,478.4205040163816
47,4,-0.010799614970601397,478.4205040163816
47,5,-0.00875674099312164,478.4205040163816
47,6,-0.00853963017987553,478.4205040163816
47,7,-0.011358909546979703,478.4205040163816
47,8,-0.00947488953199354,478.4205040163816
47,9,-0.00977505475966609,478.4205040163816
47,10,-0.007364552625658689,478.4205040163816
47,11,-0.007024627238570247,478.4205040163816
47,12,-0.009476697186473758,478.4205040163816
47,13,-0.0010991528211161494,478.4205040163816
47,14,-0.0020331813925440656,478.4205040163816
47,15,-0.009727045666077174,478.4205040163816
47,16,-0.014118746099993586,478.4205040163816
47,17,-0.004547917383897584,478.4205040163816
47,18,-0.0036507757467916235,478.4205040163816
47,19,-0.005478288496378809,478.4205040163816
47,20,-0.0010911534899787512,478.4205040163816
47,21,-0.0008281051699304953,478.4205040163816
47,22,-0.003731605942521128,478.4205040163816
47,23,-0.008577628697589717,478.4205040163816
47,24,-0.00920426901895553,478.4205040163816
47,25,0.001246230979450047,478.4205040163816
47,26,0.006154829014558345,478.4205040163816
47,27,0.004275234043598175,478.4205040163816
47,28,0.006693680519238115,478.4205040163816
47,29,0.02438863447867334,478.4205040163816
48,0,-0.012362910519495927,497.83979474402844
48,1,-0.00848962675932853,497.83979474402844
48,2,-0.006831614662733045,497.83979474402844
48,3,-0.008180112511618064,497.83979474402844
48,4,-0.010799614970601397,497.83979474402844
48,5,-0.00875674099312164,497.83979474402844
48,6,-0.00853963017987553,497.83979474402844
48,7,-0.011358909546979703,497.83979474402844
48,8,-0.00947488953199354,497.83979474402844
48,9,-0.00977505475966609,497.83979474402844
48,10,-0.007364552625658689,497.83979474402844
48,11,-0.007024627238570247,497.83979474402844
48,12,-0.009476697186473758,497.83979474402844
48,13,-0.0010991528211161494,497.83979474402844
48,14,-0.0020331813925440656,497.83979474402844
48,15,-0.009727045666077174,497.83979474402844
48,16,-0.014118746099993586,497.83979474402844
48,17,-0.004547917383897584,497.83979474402844
48,18,-0.0036507757467916235,497.83979474402844
48,19,-0.005478288496378809,497.83979474402844
48,20,-0.0010911534899787512,497.83979474402844
48,21,-0.0008281051699304953,497.83979474402844
48,22,-0.003731605942521128,497.83979474402844
48,23,-0.008577628697589717,497.83979474402844
48,24,-0.00920426901895553,497.83979474402844
48,25,0.001246230979450047,497.83979474402844
48,26,0.006154829014558345,497.83979474402844
48,27,0.004275234043598175,497.83979474402844
48,28,0.006693680519238115,497.83979474402844
48,29,0.02438863447867334,497.83979474402844
48,30,0.02718443830963224,497.83979474402844
48,31,0.019703371934592723,497.83979474402844
48,32,0.01659770291764289,497.83979474402844
48,33,0.019407134037464857,497.83979474402844
48,34,0.023763986704871058,497.83979474402844
48,35,0.05708113424479962,497.83979474402844
48,36,0.02130340793170035,497.83979474402844
48,37,0.04381871499121189,497.83979474402844
48,38,0.03881629684008658,497.83979474402844
48,39,0.03153750952333212,497.83979474402844
48,40,0.05618849191814661,497.83979474402844
48,41,0.08200292643159628,497.83979474402844
48,42,0.08421300411224365,497.83979474402844
48,43,0.0819369251281023,497.83979474402844
48,44,0.09739330403506756,497.83979474402844
48,45,0.08871723152697086,497.83979474402844
48,46,0.09008584469556809,497.83979474402844
48,47,0.09659870073199273,497.83979474402844
48,48,0.1055086150765419,497.83979474402844
48,49,0.11440389513969422,497.83979474402844
48,50,0.19229237020015716,497.83979474402844
48,51,0.19476884886622428,497.83979474402844
48,52,0.20605418294668199,497.83979474402844
48,53,0.2133645987510681,497.83979474402844
48,54,0.21625644251704215,497.83979474402844
48,55,0.22733566418290138,497.83979474402844
48,56,0.2418705317378044,497.83979474402844
48,57,0.24244817703962326,497.83979474402844
48,58,0.2386627495288849,497.83979474402844
48,59,0.24617336839437484,497.83979474402844
48,60,0.2611785128712654,497.83979474402844
48,61,0.2576417225599289,497.83979474402844
48,62,0.2710721692442894,497.83979474402844
48,63,0.2846857571601868,497.83979474402844
48,64,0.288052394092083,497.83979474402844
48,65,0.27927251875400544,497.83979474402844
48,66,0.3108498603105545,497.83979474402844
48,67,0.33613426953554154,497.83979474402844
49,0,-0.012362910519495927,511.3691238445542
49,1,-0.00848962675932853,511.3691238445542
49,2,-0.006831614662733045,511.3691238445542
49,3,-0.008180112511618064,511.3691238445542
49,4,-0.010799614970601397,511.3691238445542
49,5,-0.00875674099312164,511.3691238445542
49,6,-0.00853963017987553,511.3691238445542
49,7,-0.011358909546979703,511.3691238445542
49,8,-0.00947488953199354,511.3691238445542
49,9,-0.00977505475966609,511.3691238445542
49,10,-0.007364552625658689,511.3691238445542
49,11,-0.007024627238570247,511.3691238445542
49,12,-0.009476697186473758,511.3691238445542
49,13,-0.0010991528211161494,511.3691238445542
49,14,-0.0020331813925440656,511.3691238445542
49,15,-0.009727045666077174,511.3691238445542
49,16,-0.014118746099993586,511.3691238445542
49,17,-0.004547917383897584,511.3691238445542
49,18,-0.0036507757467916235,511.3691238445542
49,19,-0.005478288496378809,511.3691238445542
49,20,-0.0010911534899787512,511.3691238445542
50,0,-0.012362910519495927,528.047456164802
50,1,-0.00848962675932853,528.047456164802
50,2,-0.006831614662733045,528.047456164802
50,3,-0.008180112511618064,528.047456164802
50,4,-0.010799614970601397,528.047456164802
50,5,-0.00875674099312164,528.047456164802
50,6,-0.00853963017987553,528.047456164802
50,7,-0.011358909546979703,528.047456164802
50,8,-0.00947488953199354,528.047456164802
50,9,-0.00977505475966609,528.047456164802
50,10,-0.007364552625658689,528.047456164802
50,11,-0.007024627238570247,528.047456164802
50,12,-0.009476697186473758,528.047456164802
50,13,-0.0010991528211161494,528.047456164802
50,14,-0.0020331813925440656,528.047456164802
50,15,-0.009727045666077174,528.047456164802
50,16,-0.014118746099993586,528.047456164802
50,17,-0.004547917383897584,528.047456164802
50,18,-0.0036507757467916235,528.047456164802
50,19,-0.005478288496378809,528.047456164802
50,20,-0.0010911534899787512,528.047456164802
50,21,-0.0008281051699304953,528.047456164802
50,22,-0.003731605942521128,528.047456164802
50,23,-0.008577628697589717,528.047456164802
50,24,-0.00920426901895553,528.047456164802
50,25,0.001246230979450047,528.047456164802
50,26,0.006154829014558345,528.047456164802
50,27,0.004275234043598175,528.047456164802
50,28,0.006693680519238115,528.047456164802
50,29,0.02438863447867334,528.047456164802
50,30,0.02718443830963224,528.047456164802
50,31,0.019703371934592723,528.047456164802
50,32,0.01659770291764289,528.047456164802
50,33,0.019407134037464857,528.047456164802
51,0,-0.012362910519495927,543.7546808859432
51,1,-0.00848962675932853,543.7546808859432
51,2,-0.006831614662733045,543.7546808859432
51,3,-0.008180112511618064,543.7546808859432
51,4,-0.010799614970601397,543.7546808859432
51,5,-0.00875674099312164,543.7546808859432
51,6,-0.00853963017987553,543.7546808859432
51,7,-0.011358909546979703,543.7546808859432
51,8,-0.00947488953199354,543.7546808859432
51,9,-0.00977505475966609,543.7546808859432
51,10,-0.007364552625658689,543.7546808859432
51,11,-0.007024627238570247,543.7546808859432
51,12,-0.009476697186473758,543.7546808859432
51,13,-0.0010991528211161494,543.7546808859432
51,14,-0.0020331813925440656,543.7546808859432
51,15,-0.009727045666077174,543.7546808859432
51,16,-0.014118746099993586,543.7546808859432
51,17,-0.004547917383897584,543.7546808859432
51,18,-0.0036507757467916235,543.7546808859432
51,19,-0.005478288496378809,543.7546808859432
51,20,-0.0010911534899787512,543.7546808859432
51,21,-0.0008281051699304953,543.7546808859432
51,22,-0.003731605942521128,543.7546808859432
51,23,-0.008577628697589717,543.7546808859432
51,24,-0.00920426901895553,543.7546808859432
51,25,0.001246230979450047,543.7546808859432
51,26,0.006154829014558345,543.7546808859432
51,27,0.004275234043598175,543.7546808859432
51,28,0.006693680519238115,543.7546808859432
52,0,-0.012362910519495927,558.9981431808366
52,1,-0.00848962675932853,558.9981431808366
52,2,-0.006831614662733045,558.9981431808366
52,3,-0.008180112511618064,558.9981431808366
52,4,-0.010799614970601397,558.9981431808366
52,5,-0.00875674099312164,558.9981431808366
52,6,-0.00853963017987553,558.9981431808366
52,7,-0.011358909546979703,558.9981431808366
52,8,-0.00947488953199354,558.9981431808366
52,9,-0.00977505475966609,558.9981431808366
52,10,-0.007364552625658689,558.9981431808366
52,11,-0.007024627238570247,558.9981431808366
52,12,-0.009476697186473758,558.9981431808366
52,13,-0.0010991528211161494,558.9981431808366
52,14,-0.0020331813925440656,558.9981431808366
52,15,-0.009727045666077174,558.9981431808366
52,16,-0.014118746099993586,558.9981431808366
52,17,-0.004547917383897584,558.9981431808366
52,18,-0.0036507757467916235,558.9981431808366
52,19,-0.005478288496378809,558.9981431808366
52,20,-0.0010911534899787512,558.9981431808366
52,21,-0.0008281051699304953,558.9981431808366
52,22,-0.003731605942521128,558.9981431808366
52,23,-0.008577628697589717,558.9981431808366
52,24,-0.00920426901895553,558.9981431808366
52,25,0.001246230979450047,558.9981431808366
52,26,0.006154829014558345,558.9981431808366
53,0,-0.012362910519495927,578.8370604836706
53,1,-0.00848962675932853,578.8370604836706
53,2,-0.006831614662733045,578.8370604836706
53,3,-0.008180112511618064,578.8370604836706
53,4,-0.010799614970601397,578.8370604836706
53,5,-0.00875674099312164,578.8370604836706
53,6,-0.00853963017987553,578.8370604836706
53,7,-0.011358909546979703,578.8370604836706
53,8,-0.00947488953199354,578.8370604836706
53,9,-0.00977505475966609,578.8370604836706
53,10,-0.007364552625658689,578.8370604836706
53,11,-0.007024627238570247,578.8370604836706
53,12,-0.009476697186473758,578.8370604836706
53,13,-0.0010991528211161494,578.8370604836706
53,14,-0.0020331813925440656,578.8370604836706
53,15,-0.009727045666077174,578.8370604836706
53,16,-0.014118746099993586,578.8370604836706
53,17,-0.004547917383897584,578.8370604836706
53,18,-0.0036507757467916235,578.8370604836706
53,19,-0.005478288496378809,578.8370604836706
53,20,-0.0010911534899787512,578.8370604836706
53,21,-0.0008281051699304953,578.8370604836706
53,22,-0.003731605942521128,578.8370604836706
53,23,-0.008577628697589717,578.8370604836706
53,24,-0.00920426901895553,578.8370604836706
53,25,0.001246230979450047,578.8370604836706
53,26,0.006154829014558345,578.8370604836706
53,27,0.004275234043598175,578.8370604836706
53,28,0.006693680519238115,578.8370604836706
53,29,0.02438863447867334,578.8370604836706
53,30,0.02718443830963224,578.8370604836706
53,31,0.019703371934592723,578.8370604836706
53,32,0.01659770291764289,578.8370604836706
53,33,0.019407134037464857,578.8370604836706
53,34,0.023763986704871058,578.8370604836706
53,35,0.05708113424479962,578.8370604836706
53,36,0.02130340793170035,578.8370604836706
53,37,0.04381871499121189,578.8370604836706
53,38,0.03881629684008658,578.8370604836706
53,39,0.03153750952333212,578.8370604836706
53,40,0.05618849191814661,578.8370604836706
53,41,0.08200292643159628,578.8370604836706
53,42,0.08421300411224365,578.8370604836706
53,43,0.0819369251281023,578.8370604836706
53,44,0.09739330403506756,578.8370604836706
53,45,0.08871723152697086,578.8370604836706
53,46,0.09008584469556809,578.8370604836706
53,47,0.09659870073199273,578.8370604836706
53,48,0.1055086150765419,578.8370604836706
53,49,0.11440389513969422,578.8370604836706
53,50,0.19229237020015716,578.8370604836706
53,51,0.19476884886622428,578.8370604836706
53,52,0.20605418294668199,578.8370604836706
53,53,0.2133645987510681,578.8370604836706
53,54,0.21625644251704215,578.8370604836706
53,55,0.22733566418290138,578.8370604836706
53,56,0.2418705317378044,578.8370604836706
53,57,0.24244817703962326,578.8370604836706
53,58,0.2386627495288849,578.8370604836706
53,59,0.24617336839437484,578.8370604836706
53,60,0.2611785128712654,578.8370604836706
53,61,0.2576417225599289,578.8370604836706
53,62,0.2710721692442894,578.8370604836706
53,63,0.2846857571601868,578.8370604836706
53,64,0.288052394092083,578.8370604836706
53,65,0.27927251875400544,578.8370604836706
53,66,0.3108498603105545,578.8370604836706
53,67,0.33613426953554154,578.8370604836706
53,68,0.3264716550707817,578.8370604836706
53,69,0.32714163839817045,578.8370604836706
53,70,0.35432410120964053,578.8370604836706
53,71,0.33096911549568175,578.8370604836706
53,72,0.3597304233908653,578.8370604836706
53,73,0.3779443183541298,578.8370604836706
53,74,0.3482314446568489,578.8370604836706
53,75,0.35902150988578796,578.8370604836706
53,76,0.3531892141699791,578.8370604836706
53,77,0.38279526352882387,578.8370604836706
53,78,0.41378112733364103,578.8370604836706
53,79,0.42837476313114164,578.8370604836706
53,80,0.45519112825393676,578.8370604836706
53,81,0.40558786392211915,578.8370604836706
53,82,0.47550965428352354,578.8370604836706
53,83,0.46358502328395845,578.8370604836706
53,84,0.43512218713760376,578.8370604836706
53,85,0.4976211339235306,578.8370604836706
53,86,0.45227314114570616,578.8370604836706
53,87,0.5031435173749924,578.8370604836706
53,88,0.45651135623455047,578.8370604836706
53,89,0.5053817021846772,578.8370604836706
53,90,0.5216950392723083,578.8370604836706
53,91,0.5041043734550477,578.8370604836706
53,92,0.5441227972507476,578.8370604836706
54,0,-0.012362910519495927,593.8301786888214
54,1,-0.00848962675932853,593.8301786888214
54,2,-0.006831614662733045,593.8301786888214
54,3,-0.008180112511618064,593.8301786888214
54,4,-0.010799614970601397,593.8301786888214
54,5,-0.00875674099312164,593.8301786888214
54,6,-0.00853963017987553,593.8301786888214
54,7,-0.011358909546979703,593.8301786888214
54,8,-0.00947488953199354,593.8301786888214
54,9,-0.00977505475966609,593.8301786888214
54,10,-0.007364552625658689,593.8301786888214
54,11,-0.007024627238570247,593.8301786888214
54,12,-0.009476697186473758,593.8301786888214
54,13,-0.0010991528211161494,593.8301786888214
54,14,-0.0020331813925440656,593.8301786888214
54,15,-0.009727045666077174,593.8301786888214
54,16,-0.014118746099993586,593.8301786888214
54,17,-0.004547917383897584,593.8301786888214
54,18,-0.0036507757467916235,593.8301786888214
54,19,-0.005478288496378809,593.8301786888214
54,20,-0.0010911534899787512,593.8301786888214
54,21,-0.0008281051699304953,593.8301786888214
54,22,-0.003731605942521128,593.8301786888214
54,23,-0.008577628697589717,593.8301786888214
54,24,-0.00920426901895553,593.8301786888214
54,25,0.001246230979450047,593.8301786888214
55,0,-0.012362910519495927,612.9087827090824
55,1,-0.00848962675932853,612.9087827090824
55,2,-0.006831614662733045,612.9087827090824
55,3,-0.008180112511618064,612.9087827090824
55,4,-0.010799614970601397,612.9087827090824
55,5,-0.00875674099312164,612.9087827090824
55,6,-0.00853963017987553,612.9087827090824
55,7,-0.011358909546979703,612.9087827090824
55,8,-0.00947488953199354,612.9087827090824
55,9,-0.00977505475966609,612.9087827090824
55,10,-0.007364552625658689,612.9087827090824
55,11,-0.007024627238570247,612.9087827090824
55,12,-0.009476697186473758,612.9087827090824
55,13,-0.0010991528211161494,612.9087827090824
55,14,-0.0020331813925440656,612.9087827090824
55,15,-0.009727045666077174,612.9087827090824
55,16,-0.014118746099993586,612.9087827090824
55,17,-0.004547917383897584,612.9087827090824
55,18,-0.0036507757467916235,612.9087827090824
55,19,-0.005478288496378809,612.9087827090824
55,20,-0.0010911534899787512,612.9087827090824
55,21,-0.0008281051699304953,612.9087827090824
55,22,-0.003731605942521128,612.9087827090824
55,23,-0.008577628697589717,612.9087827090824
55,24,-0.00920426901895553,612.9087827090824
55,25,0.001246230979450047,612.9087827090824
55,26,0.006154829014558345,612.9087827090824
55,27,0.004275234043598175,612.9087827090824
55,28,0.006693680519238115,612.9087827090824
55,29,0.02438863447867334,612.9087827090824
55,30,0.02718443830963224,612.9087827090824
55,31,0.019703371934592723,612.9087827090824
55,32,0.01659770291764289,612.9087827090824
55,33,0.019407134037464857,612.9087827090824
55,34,0.023763986704871058,612.9087827090824
55,35,0.05708113424479962,612.9087827090824
55,36,0.02130340793170035,612.9087827090824
55,37,0.04381871499121189,612.9087827090824
55,38,0.03881629684008658,612.9087827090824
55,39,0.03153750952333212,612.9087827090824
55,40,0.05618849191814661,612.9087827090824
55,41,0.08200292643159628,612.9087827090824
55,42,0.08421300411224365,612.9087827090824
55,43,0.0819369251281023,612.9087827090824
55,44,0.09739330403506756,612.9087827090824
55,45,0.08871723152697086,612.9087827090824
55,46,0.09008584469556809,612.9087827090824
55,47,0.09659870073199273,612.9087827090824
55,48,0.1055086150765419,612.9087827090824
55,49,0.11440389513969422,612.9087827090824
55,50,0.19229237020015716,612.9087827090824
55,51,0.19476884886622428,612.9087827090824
55,52,0.20605418294668199,612.9087827090824
55,53,0.2133645987510681,612.9087827090824
55,54,0.21625644251704215,612.9087827090824
55,55,0.22733566418290138,612.9087827090824
55,56,0.2418705317378044,612.9087827090824
55,57,0.24244817703962326,612.9087827090824
55,58,0.2386627495288849,612.9087827090824
56,0,-0.012362910519495927,632.3280734367293
56,1,-0.00848962675932853,632.3280734367293
56,2,-0.006831614662733045,632.3280734367293
56,3,-0.008180112511618064,632.3280734367293
56,4,-0.010799614970601397,632.3280734367293
56,5,-0.00875674099312164,632.3280734367293
56,6,-0.00853963017987553,632.3280734367293
56,7,-0.011358909546979703,632.3280734367293
56,8,-0.00947488953199354,632.3280734367293
56,9,-0.00977505475966609,632.3280734367293
56,10,-0.007364552625658689,632.3280734367293
56,11,-0.007024627238570247,632.3280734367293
56,12,-0.009476697186473758,632.3280734367293
56,13,-0.0010991528211161494,632.3280734367293
56,14,-0.0020331813925440656,632.3280734367293
56,15,-0.009727045666077174,632.3280734367293
56,16,-0.014118746099993586,632.3280734367293
56,17,-0.004547917383897584,632.3280734367293
56,18,-0.0036507757467916235,632.3280734367293
56,19,-0.005478288496378809,632.3280734367293
56,20,-0.0010911534899787512,632.3280734367293
56,21,-0.0008281051699304953,632.3280734367293
56,22,-0.003731605942521128,632.3280734367293
56,23,-0.008577628697589717,632.3280734367293
56,24,-0.00920426901895553,632.3280734367293
56,25,0.001246230979450047,632.3280734367293
56,26,0.006154829014558345,632.3280734367293
56,27,0.004275234043598175,632.3280734367293
56,28,0.006693680519238115,632.3280734367293
56,29,0.02438863447867334,632.3280734367293
56,30,0.02718443830963224,632.3280734367293
56,31,0.019703371934592723,632.3280734367293
56,32,0.01659770291764289,632.3280734367293
56,33,0.019407134037464857,632.3280734367293
56,34,0.023763986704871058,632.3280734367293
56,35,0.05708113424479962,632.3280734367293
56,36,0.02130340793170035,632.3280734367293
56,37,0.04381871499121189,632.3280734367293
56,38,0.03881629684008658,632.3280734367293
56,39,0.03153750952333212,632.3280734367293
56,40,0.05618849191814661,632.3280734367293
56,41,0.08200292643159628,632.3280734367293
56,42,0.08421300411224365,632.3280734367293
56,43,0.0819369251281023,632.3280734367293
56,44,0.09739330403506756,632.3280734367293
56,45,0.08871723152697086,632.3280734367293
56,46,0.09008584469556809,632.3280734367293
56,47,0.09659870073199273,632.3280734367293
56,48,0.1055086150765419,632.3280734367293
56,49,0.11440389513969422,632.3280734367293
56,50,0.19229237020015716,632.3280734367293
56,51,0.19476884886622428,632.3280734367293
56,52,0.20605418294668199,632.3280734367293
56,53,0.2133645987510681,632.3280734367293
56,54,0.21625644251704215,632.3280734367293
56,55,0.22733566418290138,632.3280734367293
56,56,0.2418705317378044,632.3280734367293
56,57,0.24244817703962326,632.3280734367293
56,58,0.2386627495288849,632.3280734367293
56,59,0.24617336839437484,632.3280734367293
56,60,0.2611785128712654,632.3280734367293
56,61,0.2576417225599289,632.3280734367293
56,62,0.2710721692442894,632.3280734367293
56,63,0.2846857571601868,632.3280734367293
56,64,0.288052394092083,632.3280734367293
56,65,0.27927251875400544,632.3280734367293
56,66,0.3108498603105545,632.3280734367293
56,67,0.33613426953554154,632.3280734367293
57,0,-0.012362910519495927,651.0746301713497
57,1,-0.00848962675932853,651.0746301713497
57,2,-0.006831614662733045,651.0746301713497
57,3,-0.008180112511618064,651.0746301713497
57,4,-0.010799614970601397,651.0746301713497
57,5,-0.00875674099312164,651.0746301713497
57,6,-0.00853963017987553,651.0746301713497
57,7,-0.011358909546979703,651.0746301713497
57,8,-0.00947488953199354,651.0746301713497
57,9,-0.00977505475966609,651.0746301713497
57,10,-0.007364552625658689,651.0746301713497
57,11,-0.007024627238570247,651.0746301713497
57,12,-0.009476697186473758,651.0746301713497
57,13,-0.0010991528211161494,651.0746301713497
57,14,-0.0020331813925440656,651.0746301713497
57,15,-0.009727045666077174,651.0746301713497
57,16,-0.014118746099993586,651.0746301713497
57,17,-0.004547917383897584,651.0746301713497
57,18,-0.0036507757467916235,651.0746301713497
57,19,-0.005478288496378809,651.0746301713497
57,20,-0.0010911534899787512,651.0746301713497
57,21,-0.0008281051699304953,651.0746301713497
57,22,-0.003731605942521128,651.0746301713497
57,23,-0.008577628697589717,651.0746301713497
57,24,-0.00920426901895553,651.0746301713497
57,25,0.001246230979450047,651.0746301713497
57,26,0.006154829014558345,651.0746301713497
57,27,0.004275234043598175,651.0746301713497
57,28,0.006693680519238115,651.0746301713497
57,29,0.02438863447867334,651.0746301713497
57,30,0.02718443830963224,651.0746301713497
57,31,0.019703371934592723,651.0746301713497
57,32,0.01659770291764289,651.0746301713497
57,33,0.019407134037464857,651.0746301713497
57,34,0.023763986704871058,651.0746301713497
57,35,0.05708113424479962,651.0746301713497
57,36,0.02130340793170035,651.0746301713497
57,37,0.04381871499121189,651.0746301713497
57,38,0.03881629684008658,651.0746301713497
57,39,0.03153750952333212,651.0746301713497
57,40,0.05618849191814661,651.0746301713497
57,41,0.08200292643159628,651.0746301713497
57,42,0.08421300411224365,651.0746301713497
57,43,0.0819369251281023,651.0746301713497
57,44,0.09739330403506756,651.0746301713497
57,45,0.08871723152697086,651.0746301713497
57,46,0.09008584469556809,651.0746301713497
57,47,0.09659870073199273,651.0746301713497
57,48,0.1055086150765419,651.0746301713497
57,49,0.11440389513969422,651.0746301713497
57,50,0.19229237020015716,651.0746301713497
57,51,0.19476884886622428,651.0746301713497
57,52,0.20605418294668199,651.0746301713497
58,0,-0.012362910519495927,670.2846482932209
58,1,-0.00848962675932853,670.2846482932209
58,2,-0.006831614662733045,670.2846482932209
58,3,-0.008180112511618064,670.2846482932209
58,4,-0.010799614970601397,670.2846482932209
58,5,-0.00875674099312164,670.2846482932209
58,6,-0.00853963017987553,670.2846482932209
58,7,-0.011358909546979703,670.2846482932209
58,8,-0.00947488953199354,670.2846482932209
58,9,-0.00977505475966609,670.2846482932209
58,10,-0.007364552625658689,670.2846482932209
58,11,-0.007024627238570247,670.2846482932209
58,12,-0.009476697186473758,670.2846482932209
58,13,-0.0010991528211161494,670.2846482932209
58,14,-0.0020331813925440656,670.2846482932209
58,15,-0.009727045666077174,670.2846482932209
58,16,-0.014118746099993586,670.2846482932209
58,17,-0.004547917383897584,670.2846482932209
58,18,-0.0036507757467916235,670.2846482932209
58,19,-0.005478288496378809,670.2846482932209
58,20,-0.0010911534899787512,670.2846482932209
58,21,-0.0008281051699304953,670.2846482932209
58,22,-0.003731605942521128,670.2846482932209
58,23,-0.008577628697589717,670.2846482932209
58,24,-0.00920426901895553,670.2846482932209
58,25,0.001246230979450047,670.2846482932209
58,26,0.006154829014558345,670.2846482932209
58,27,0.004275234043598175,670.2846482932209
58,28,0.006693680519238115,670.2846482932209
58,29,0.02438863447867334,670.2846482932209
58,30,0.02718443830963224,670.2846482932209
58,31,0.019703371934592723,670.2846482932209
58,32,0.01659770291764289,670.2846482932209
58,33,0.019407134037464857,670.2846482932209
58,34,0.023763986704871058,670.2846482932209
58,35,0.05708113424479962,670.2846482932209
58,36,0.02130340793170035,670.2846482932209
58,37,0.04381871499121189,670.2846482932209
58,38,0.03881629684008658,670.2846482932209
58,39,0.03153750952333212,670.2846482932209
58,40,0.05618849191814661,670.2846482932209
58,41,0.08200292643159628,670.2846482932209
58,42,0.08421300411224365,670.2846482932209
58,43,0.0819369251281023,670.2846482932209
58,44,0.09739330403506756,670.2846482932209
58,45,0.08871723152697086,670.2846482932209
58,46,0.09008584469556809,670.2846482932209
58,47,0.09659870073199273,670.2846482932209
58,48,0.1055086150765419,670.2846482932209
58,49,0.11440389513969422,670.2846482932209
58,50,0.19229237020015716,670.2846482932209
58,51,0.19476884886622428,670.2846482932209
58,52,0.20605418294668199,670.2846482932209
58,53,0.2133645987510681,670.2846482932209
58,54,0.21625644251704215,670.2846482932209
58,55,0.22733566418290138,670.2846482932209
58,56,0.2418705317378044,670.2846482932209
58,57,0.24244817703962326,670.2846482932209
58,58,0.2386627495288849,670.2846482932209
58,59,0.24617336839437484,670.2846482932209
58,60,0.2611785128712654,670.2846482932209
58,61,0.2576417225599289,670.2846482932209
59,0,-0.012362910519495927,689.8353065280445
59,1,-0.00848962675932853,689.8353065280445
59,2,-0.006831614662733045,689.8353065280445
59,3,-0.008180112511618064,689.8353065280445
59,4,-0.010799614970601397,689.8353065280445
59,5,-0.00875674099312164,689.8353065280445
59,6,-0.00853963017987553,689.8353065280445
59,7,-0.011358909546979703,689.8353065280445
59,8,-0.00947488953199354,689.8353065280445
59,9,-0.00977505475966609,689.8353065280445
59,10,-0.007364552625658689,689.8353065280445
59,11,-0.007024627238570247,689.8353065280445
59,12,-0.009476697186473758,689.8353065280445
59,13,-0.0010991528211161494,689.8353065280445
59,14,-0.0020331813925440656,689.8353065280445
59,15,-0.009727045666077174,689.8353065280445
59,16,-0.014118746099993586,689.8353065280445
59,17,-0.004547917383897584,689.8353065280445
59,18,-0.0036507757467916235,689.8353065280445
59,19,-0.005478288496378809,689.8353065280445
59,20,-0.0010911534899787512,689.8353065280445
59,21,-0.0008281051699304953,689.8353065280445
59,22,-0.003731605942521128,689.8353065280445
59,23,-0.008577628697589717,689.8353065280445
59,24,-0.00920426901895553,689.8353065280445
59,25,0.001246230979450047,689.8353065280445
59,26,0.006154829014558345,689.8353065280445
59,27,0.004275234043598175,689.8353065280445
59,28,0.006693680519238115,689.8353065280445
59,29,0.02438863447867334,689.8353065280445
59,30,0.02718443830963224,689.8353065280445
59,31,0.019703371934592723,689.8353065280445
59,32,0.01659770291764289,689.8353065280445
59,33,0.019407134037464857,689.8353065280445
59,34,0.023763986704871058,689.8353065280445
59,35,0.05708113424479962,689.8353065280445
59,36,0.02130340793170035,689.8353065280445
59,37,0.04381871499121189,689.8353065280445
59,38,0.03881629684008658,689.8353065280445
59,39,0.03153750952333212,689.8353065280445
59,40,0.05618849191814661,689.8353065280445
59,41,0.08200292643159628,689.8353065280445
59,42,0.08421300411224365,689.8353065280445
59,43,0.0819369251281023,689.8353065280445
59,44,0.09739330403506756,689.8353065280445
59,45,0.08871723152697086,689.8353065280445
59,46,0.09008584469556809,689.8353065280445
59,47,0.09659870073199273,689.8353065280445
59,48,0.1055086150765419,689.8353065280445
59,49,0.11440389513969422,689.8353065280445
59,50,0.19229237020015716,689.8353065280445
59,51,0.19476884886622428,689.8353065280445
59,52,0.20605418294668199,689.8353065280445
59,53,0.2133645987510681,689.8353065280445
59,54,0.21625644251704215,689.8353065280445
59,55,0.22733566418290138,689.8353065280445
59,56,0.2418705317378044,689.8353065280445
59,57,0.24244817703962326,689.8353065280445
59,58,0.2386627495288849,689.8353065280445
59,59,0.24617336839437484,689.8353065280445
59,60,0.2611785128712654,689.8353065280445
59,61,0.2576417225599289,689.8353065280445
59,62,0.2710721692442894,689.8353065280445
59,63,0.2846857571601868,689.8353065280445
59,64,0.288052394092083,689.8353065280445
59,65,0.27927251875400544,689.8353065280445
59,66,0.3108498603105545,689.8353065280445
59,67,0.33613426953554154,689.8353065280445
59,68,0.3264716550707817,689.8353065280445
59,69,0.32714163839817045,689.8353065280445
59,70,0.35432410120964053,689.8353065280445
59,71,0.33096911549568175,689.8353065280445
59,72,0.3597304233908653,689.8353065280445
60,0,-0.012362910519495927,708.1301547213583
60,1,-0.00848962675932853,708.1301547213583
60,2,-0.006831614662733045,708.1301547213583
60,3,-0.008180112511618064,708.1301547213583
60,4,-0.010799614970601397,708.1301547213583
60,5,-0.00875674099312164,708.1301547213583
60,6,-0.00853963017987553,708.1301547213583
60,7,-0.011358909546979703,708.1301547213583
60,8,-0.00947488953199354,708.1301547213583
60,9,-0.00977505475966609,708.1301547213583
60,10,-0.007364552625658689,708.1301547213583
60,11,-0.007024627238570247,708.1301547213583
60,12,-0.009476697186473758,708.1301547213583
60,13,-0.0010991528211161494,708.1301547213583
60,14,-0.0020331813925440656,708.1301547213583
60,15,-0.009727045666077174,708.1301547213583
60,16,-0.014118746099993586,708.1301547213583
60,17,-0.004547917383897584,708.1301547213583
60,18,-0.0036507757467916235,708.1301547213583
60,19,-0.005478288496378809,708.1301547213583
60,20,-0.0010911534899787512,708.1301547213583
60,21,-0.0008281051699304953,708.1301547213583
60,22,-0.003731605942521128,708.1301547213583
60,23,-0.008577628697589717,708.1301547213583
60,24,-0.00920426901895553,708.1301547213583
60,25,0.001246230979450047,708.1301547213583
60,26,0.006154829014558345,708.1301547213583
60,27,0.004275234043598175,708.1301547213583
60,28,0.006693680519238115,708.1301547213583
60,29,0.02438863447867334,708.1301547213583
60,30,0.02718443830963224,708.1301547213583
60,31,0.019703371934592723,708.1301547213583
60,32,0.01659770291764289,708.1301547213583
60,33,0.019407134037464857,708.1301547213583
60,34,0.023763986704871058,708.1301547213583
60,35,0.05708113424479962,708.1301547213583
60,36,0.02130340793170035,708.1301547213583
60,37,0.04381871499121189,708.1301547213583
60,38,0.03881629684008658,708.1301547213583
60,39,0.03153750952333212,708.1301547213583
60,40,0.05618849191814661,708.1301547213583
60,41,0.08200292643159628,708.1301547213583
60,42,0.08421300411224365,708.1301547213583
60,43,0.0819369251281023,708.1301547213583
60,44,0.09739330403506756,708.1301547213583
60,45,0.08871723152697086,708.1301547213583
60,46,0.09008584469556809,708.1301547213583
61,0,-0.012362910519495927,727.5784809126228
61,1,-0.00848962675932853,727.5784809126228
61,2,-0.006831614662733045,727.5784809126228
61,3,-0.008180112511618064,727.5784809126228
61,4,-0.010799614970601397,727.5784809126228
61,5,-0.00875674099312164,727.5784809126228
61,6,-0.00853963017987553,727.5784809126228
61,7,-0.011358909546979703,727.5784809126228
61,8,-0.00947488953199354,727.5784809126228
61,9,-0.00977505475966609,727.5784809126228
61,10,-0.007364552625658689,727.5784809126228
61,11,-0.007024627238570247,727.5784809126228
61,12,-0.009476697186473758,727.5784809126228
61,13,-0.0010991528211161494,727.5784809126228
61,14,-0.0020331813925440656,727.5784809126228
61,15,-0.009727045666077174,727.5784809126228
61,16,-0.014118746099993586,727.5784809126228
61,17,-0.004547917383897584,727.5784809126228
61,18,-0.0036507757467916235,727.5784809126228
61,19,-0.005478288496378809,727.5784809126228
61,20,-0.0010911534899787512,727.5784809126228
61,21,-0.0008281051699304953,727.5784809126228
61,22,-0.003731605942521128,727.5784809126228
61,23,-0.008577628697589717,727.5784809126228
61,24,-0.00920426901895553,727.5784809126228
61,25,0.001246230979450047,727.5784809126228
61,26,0.006154829014558345,727.5784809126228
61,27,0.004275234043598175,727.5784809126228
61,28,0.006693680519238115,727.5784809126228
61,29,0.02438863447867334,727.5784809126228
61,30,0.02718443830963224,727.5784809126228
61,31,0.019703371934592723,727.5784809126228
61,32,0.01659770291764289,727.5784809126228
61,33,0.019407134037464857,727.5784809126228
61,34,0.023763986704871058,727.5784809126228
61,35,0.05708113424479962,727.5784809126228
61,36,0.02130340793170035,727.5784809126228
61,37,0.04381871499121189,727.5784809126228
61,38,0.03881629684008658,727.5784809126228
61,39,0.03153750952333212,727.5784809126228
61,40,0.05618849191814661,727.5784809126228
61,41,0.08200292643159628,727.5784809126228
61,42,0.08421300411224365,727.5784809126228
61,43,0.0819369251281023,727.5784809126228
61,44,0.09739330403506756,727.5784809126228
61,45,0.08871723152697086,727.5784809126228
61,46,0.09008584469556809,727.5784809126228
61,47,0.09659870073199273,727.5784809126228
61,48,0.1055086150765419,727.5784809126228
61,49,0.11440389513969422,727.5784809126228
61,50,0.19229237020015716,727.5784809126228
61,51,0.19476884886622428,727.5784809126228
61,52,0.20605418294668199,727.5784809126228
61,53,0.2133645987510681,727.5784809126228
61,54,0.21625644251704215,727.5784809126228
61,55,0.22733566418290138,727.5784809126228
61,56,0.2418705317378044,727.5784809126228
61,57,0.24244817703962326,727.5784809126228
61,58,0.2386627495288849,727.5784809126228
61,59,0.24617336839437484,727.5784809126228
61,60,0.2611785128712654,727.5784809126228
61,61,0.2576417225599289,727.5784809126228
61,62,0.2710721692442894,727.5784809126228
61,63,0.2846857571601868,727.5784809126228
61,64,0.288052394092083,727.5784809126228
61,65,0.27927251875400544,727.5784809126228
61,66,0.3108498603105545,727.5784809126228
61,67,0.33613426953554154,727.5784809126228
61,68,0.3264716550707817,727.5784809126228
62,0,-0.012362910519495927,746.7884990344941
62,1,-0.00848962675932853,746.7884990344941
62,2,-0.006831614662733045,746.7884990344941
62,3,-0.008180112511618064,746.7884990344941
62,4,-0.010799614970601397,746.7884990344941
62,5,-0.00875674099312164,746.7884990344941
62,6,-0.00853963017987553,746.7884990344941
62,7,-0.011358909546979703,746.7884990344941
62,8,-0.00947488953199354,746.7884990344941
62,9,-0.00977505475966609,746.7884990344941
62,10,-0.007364552625658689,746.7884990344941
62,11,-0.007024627238570247,746.7884990344941
62,12,-0.009476697186473758,746.7884990344941
62,13,-0.0010991528211161494,746.7884990344941
62,14,-0.0020331813925440656,746.7884990344941
62,15,-0.009727045666077174,746.7884990344941
62,16,-0.014118746099993586,746.7884990344941
62,17,-0.004547917383897584,746.7884990344941
62,18,-0.0036507757467916235,746.7884990344941
62,19,-0.005478288496378809,746.7884990344941
62,20,-0.0010911534899787512,746.7884990344941
62,21,-0.0008281051699304953,746.7884990344941
62,22,-0.003731605942521128,746.7884990344941
62,23,-0.008577628697589717,746.7884990344941
62,24,-0.00920426901895553,746.7884990344941
62,25,0.001246230979450047,746.7884990344941
62,26,0.006154829014558345,746.7884990344941
62,27,0.004275234043598175,746.7884990344941
62,28,0.006693680519238115,746.7884990344941
62,29,0.02438863447867334,746.7884990344941
62,30,0.02718443830963224,746.7884990344941
62,31,0.019703371934592723,746.7884990344941
62,32,0.01659770291764289,746.7884990344941
62,33,0.019407134037464857,746.7884990344941
62,34,0.023763986704871058,746.7884990344941
62,35,0.05708113424479962,746.7884990344941
62,36,0.02130340793170035,746.7884990344941
62,37,0.04381871499121189,746.7884990344941
62,38,0.03881629684008658,746.7884990344941
62,39,0.03153750952333212,746.7884990344941
62,40,0.05618849191814661,746.7884990344941
62,41,0.08200292643159628,746.7884990344941
62,42,0.08421300411224365,746.7884990344941
62,43,0.0819369251281023,746.7884990344941
62,44,0.09739330403506756,746.7884990344941
62,45,0.08871723152697086,746.7884990344941
62,46,0.09008584469556809,746.7884990344941
62,47,0.09659870073199273,746.7884990344941
62,48,0.1055086150765419,746.7884990344941
62,49,0.11440389513969422,746.7884990344941
62,50,0.19229237020015716,746.7884990344941
62,51,0.19476884886622428,746.7884990344941
62,52,0.20605418294668199,746.7884990344941
62,53,0.2133645987510681,746.7884990344941
62,54,0.21625644251704215,746.7884990344941
62,55,0.22733566418290138,746.7884990344941
62,56,0.2418705317378044,746.7884990344941
62,57,0.24244817703962326,746.7884990344941
62,58,0.2386627495288849,746.7884990344941
62,59,0.24617336839437484,746.7884990344941
62,60,0.2611785128712654,746.7884990344941
62,61,0.2576417225599289,746.7884990344941
63,0,-0.012362910519495927,766.6354704721864
63,1,-0.00848962675932853,766.6354704721864
63,2,-0.006831614662733045,766.6354704721864
63,3,-0.008180112511618064,766.6354704721864
63,4,-0.010799614970601397,766.6354704721864
63,5,-0.00875674099312164,766.6354704721864
63,6,-0.00853963017987553,766.6354704721864
63,7,-0.011358909546979703,766.6354704721864
63,8,-0.00947488953199354,766.6354704721864
63,9,-0.00977505475966609,766.6354704721864
63,10,-0.007364552625658689,766.6354704721864
63,11,-0.007024627238570247,766.6354704721864
63,12,-0.009476697186473758,766.6354704721864
63,13,-0.0010991528211161494,766.6354704721864
63,14,-0.0020331813925440656,766.6354704721864
63,15,-0.009727045666077174,766.6354704721864
63,16,-0.014118746099993586,766.6354704721864
63,17,-0.004547917383897584,766.6354704721864
63,18,-0.0036507757467916235,766.6354704721864
63,19,-0.005478288496378809,766.6354704721864
63,20,-0.0010911534899787512,766.6354704721864
63,21,-0.0008281051699304953,766.6354704721864
63,22,-0.003731605942521128,766.6354704721864
63,23,-0.008577628697589717,766.6354704721864
63,24,-0.00920426901895553,766.6354704721864
63,25,0.001246230979450047,766.6354704721864
63,26,0.006154829014558345,766.6354704721864
63,27,0.004275234043598175,766.6354704721864
63,28,0.006693680519238115,766.6354704721864
63,29,0.02438863447867334,766.6354704721864
63,30,0.02718443830963224,766.6354704721864
63,31,0.019703371934592723,766.6354704721864
63,32,0.01659770291764289,766.6354704721864
63,33,0.019407134037464857,766.6354704721864
63,34,0.023763986704871058,766.6354704721864
63,35,0.05708113424479962,766.6354704721864
63,36,0.02130340793170035,766.6354704721864
63,37,0.04381871499121189,766.6354704721864
63,38,0.03881629684008658,766.6354704721864
63,39,0.03153750952333212,766.6354704721864
63,40,0.05618849191814661,766.6354704721864
63,41,0.08200292643159628,766.6354704721864
63,42,0.08421300411224365,766.6354704721864
63,43,0.0819369251281023,766.6354704721864
63,44,0.09739330403506756,766.6354704721864
63,45,0.08871723152697086,766.6354704721864
63,46,0.09008584469556809,766.6354704721864
63,47,0.09659870073199273,766.6354704721864
63,48,0.1055086150765419,766.6354704721864
63,49,0.11440389513969422,766.6354704721864
63,50,0.19229237020015716,766.6354704721864
63,51,0.19476884886622428,766.6354704721864
63,52,0.20605418294668199,766.6354704721864
63,53,0.2133645987510681,766.6354704721864
63,54,0.21625644251704215,766.6354704721864
63,55,0.22733566418290138,766.6354704721864
63,56,0.2418705317378044,766.6354704721864
63,57,0.24244817703962326,766.6354704721864
63,58,0.2386627495288849,766.6354704721864
63,59,0.24617336839437484,766.6354704721864
63,60,0.2611785128712654,766.6354704721864
63,61,0.2576417225599289,766.6354704721864
63,62,0.2710721692442894,766.6354704721864
63,63,0.2846857571601868,766.6354704721864
63,64,0.288052394092083,766.6354704721864
63,65,0.27927251875400544,766.6354704721864
63,66,0.3108498603105545,766.6354704721864
63,67,0.33613426953554154,766.6354704721864
63,68,0.3264716550707817,766.6354704721864
63,69,0.32714163839817045,766.6354704721864
63,70,0.35432410120964053,766.6354704721864
63,71,0.33096911549568175,766.6354704721864
63,72,0.3597304233908653,766.6354704721864
63,73,0.3779443183541298,766.6354704721864
63,74,0.3482314446568489,766.6354704721864
63,75,0.35902150988578796,766.6354704721864
63,76,0.3531892141699791,766.6354704721864
63,77,0.38279526352882387,766.6354704721864
63,78,0.41378112733364103,766.6354704721864
63,79,0.42837476313114164,766.6354704721864
63,80,0.45519112825393676,766.6354704721864
63,81,0.40558786392211915,766.6354704721864
63,82,0.47550965428352354,766.6354704721864
63,83,0.46358502328395845,766.6354704721864
63,84,0.43512218713760376,766.6354704721864
63,85,0.4976211339235306,766.6354704721864
63,86,0.45227314114570616,766.6354704721864
63,87,0.5031435173749924,766.6354704721864
63,88,0.45651135623455047,766.6354704721864
63,89,0.5053817021846772,766.6354704721864
63,90,0.5216950392723083,766.6354704721864
63,91,0.5041043734550477,766.6354704721864
63,92,0.5441227972507476,766.6354704721864
63,93,0.6112610197067261,766.6354704721864
64,0,-0.012362910519495927,786.3522730899193
64,1,-0.00848962675932853,786.3522730899193
64,2,-0.006831614662733045,786.3522730899193
64,3,-0.008180112511618064,786.3522730899193
64,4,-0.010799614970601397,786.3522730899193
64,5,-0.00875674099312164,786.3522730899193
64,6,-0.00853963017987553,786.3522730899193
64,7,-0.011358909546979703,786.3522730899193
64,8,-0.00947488953199354,786.3522730899193
64,9,-0.00977505475966609,786.3522730899193
64,10,-0.007364552625658689,786.3522730899193
64,11,-0.007024627238570247,786.3522730899193
64,12,-0.009476697186473758,786.3522730899193
64,13,-0.0010991528211161494,786.3522730899193
64,14,-0.0020331813925440656,786.3522730899193
64,15,-0.009727045666077174,786.3522730899193
64,16,-0.014118746099993586,786.3522730899193
64,17,-0.004547917383897584,786.3522730899193
64,18,-0.0036507757467916235,786.3522730899193
64,19,-0.005478288496378809,786.3522730899193
64,20,-0.0010911534899787512,786.3522730899193
64,21,-0.0008281051699304953,786.3522730899193
64,22,-0.003731605942521128,786.3522730899193
64,23,-0.008577628697589717,786.3522730899193
64,24,-0.00920426901895553,786.3522730899193
64,25,0.001246230979450047,786.3522730899193
64,26,0.006154829014558345,786.3522730899193
64,27,0.004275234043598175,786.3522730899193
64,28,0.006693680519238115,786.3522730899193
64,29,0.02438863447867334,786.3522730899193
64,30,0.02718443830963224,786.3522730899193
64,31,0.019703371934592723,786.3522730899193
64,32,0.01659770291764289,786.3522730899193
64,33,0.019407134037464857,786.3522730899193
64,34,0.023763986704871058,786.3522730899193
64,35,0.05708113424479962,786.3522730899193
64,36,0.02130340793170035,786.3522730899193
64,37,0.04381871499121189,786.3522730899193
64,38,0.03881629684008658,786.3522730899193
64,39,0.03153750952333212,786.3522730899193
64,40,0.05618849191814661,786.3522730899193
64,41,0.08200292643159628,786.3522730899193
64,42,0.08421300411224365,786.3522730899193
64,43,0.0819369251281023,786.3522730899193
64,44,0.09739330403506756,786.3522730899193
64,45,0.08871723152697086,786.3522730899193
64,46,0.09008584469556809,786.3522730899193
64,47,0.09659870073199273,786.3522730899193
64,48,0.1055086150765419,786.3522730899193
64,49,0.11440389513969422,786.3522730899193
64,50,0.19229237020015716,786.3522730899193
64,51,0.19476884886622428,786.3522730899193
64,52,0.20605418294668199,786.3522730899193
64,53,0.2133645987510681,786.3522730899193
64,54,0.21625644251704215,786.3522730899193
64,55,0.22733566418290138,786.3522730899193
64,56,0.2418705317378044,786.3522730899193
64,57,0.24244817703962326,786.3522730899193
64,58,0.2386627495288849,786.3522730899193
64,59,0.24617336839437484,786.3522730899193
64,60,0.2611785128712654,786.3522730899193
64,61,0.2576417225599289,786.3522730899193
64,62,0.2710721692442894,786.3522730899193
64,63,0.2846857571601868,786.3522730899193
64,64,0.288052394092083,786.3522730899193
64,65,0.27927251875400544,786.3522730899193
64,66,0.3108498603105545,786.3522730899193
64,67,0.33613426953554154,786.3522730899193
64,68,0.3264716550707817,786.3522730899193
64,69,0.32714163839817045,786.3522730899193
64,70,0.35432410120964053,786.3522730899193
64,71,0.33096911549568175,786.3522730899193
64,72,0.3597304233908653,786.3522730899193
64,73,0.3779443183541298,786.3522730899193
64,74,0.3482314446568489,786.3522730899193
64,75,0.35902150988578796,786.3522730899193
64,76,0.3531892141699791,786.3522730899193
64,77,0.38279526352882387,786.3522730899193
64,78,0.41378112733364103,786.3522730899193
64,79,0.42837476313114164,786.3522730899193
64,80,0.45519112825393676,786.3522730899193
64,81,0.40558786392211915,786.3522730899193
